Timestep,Alpha,Omega,Theta
0,1.0053882,0.10053882,0.010053882
0.1,0.037327524,0.10427157,0.020481039
0.2,0.034914291,0.107763,0.031257339
0.3,0.032498872,0.11101289,0.042358628
0.4,0.030085049,0.11402139,0.053760767
0.5,0.027676522,0.11678904,0.065439672
0.6,0.0252769,0.11931673,0.077371345
0.7,0.022889704,0.12160571,0.089531916
0.8,0.020518359,0.12365754,0.10189767
0.9,0.018166191,0.12547416,0.11444509
1,0.015836427,0.1270578,0.12715087
1.1,0.013532189,0.12841102,0.13999197
1.2,0.011256491,0.12953667,0.15294564
1.3,0.0090122403,0.13043789,0.16598942
1.4,0.0068022329,0.13111812,0.17910124
1.5,0.0046291509,0.13158103,0.19225934
1.6,0.0024955622,0.13183059,0.2054424
1.7,0.0004039186,0.13187098,0.2186295
1.8,-0.0016434459,0.13170664,0.23180016
1.9,-0.0036443157,0.13134221,0.24493438
2,-0.0055965947,0.13078255,0.25801264
2.1,-0.0074983069,0.13003271,0.27101591
2.2,-0.009347597,0.12909796,0.2839257
2.3,-0.011142731,0.12798368,0.29672407
2.4,-0.012882094,0.12669547,0.30939362
2.5,-0.014564196,0.12523905,0.32191752
2.6,-0.016187662,0.12362029,0.33427955
2.7,-0.017751243,0.12184516,0.34646407
2.8,-0.019253805,0.11991978,0.35845605
2.9,-0.020694334,0.11785035,0.37024108
3,-0.022071936,0.11564316,0.3818054
3.1,-0.023385829,0.11330457,0.39313585
3.2,-0.024635351,0.11084104,0.40421996
3.3,-0.025819951,0.10825904,0.41504586
3.4,-0.02693919,0.10556512,0.42560237
3.5,-0.027992742,0.10276585,0.43587896
3.6,-0.028980386,0.09986781,0.44586574
3.7,-0.029902011,0.096877609,0.4555535
3.8,-0.030757609,0.093801848,0.46493369
3.9,-0.031547274,0.090647121,0.4739984
4,-0.0322712,0.087420001,0.4827404
4.1,-0.032929679,0.084127033,0.4911531
4.2,-0.033523098,0.080774723,0.49923057
4.3,-0.034051937,0.07736953,0.50696753
4.4,-0.034516763,0.073917853,0.51435931
4.5,-0.034918232,0.07042603,0.52140192
4.6,-0.035257083,0.066900322,0.52809195
4.7,-0.035534138,0.063346908,0.53442664
4.8,-0.035750293,0.059771879,0.54040383
4.9,-0.035906522,0.056181226,0.54602195
5,-0.036003871,0.052580839,0.55128003
5.1,-0.036043452,0.048976494,0.55617768
5.2,-0.036026445,0.04537385,0.56071507
5.3,-0.035954091,0.041778441,0.56489291
5.4,-0.03582769,0.038195672,0.56871248
5.5,-0.035648598,0.034630812,0.57217556
5.6,-0.035418222,0.03108899,0.57528446
5.7,-0.035138021,0.027575187,0.57804198
5.8,-0.034809497,0.024094238,0.5804514
5.9,-0.034434196,0.020650818,0.58251648
6,-0.034013702,0.017249448,0.58424143
6.1,-0.033549637,0.013894484,0.58563088
6.2,-0.033043652,0.010590119,0.58668989
6.3,-0.032497431,0.007340376,0.58742393
6.4,-0.031912682,0.0041491078,0.58783884
6.5,-0.031291136,0.0010199942,0.58794084
6.6,-0.030634545,-0.0020434602,0.58773649
6.7,-0.029944676,-0.0050379278,0.5872327
6.8,-0.029223311,-0.007960259,0.58643667
6.9,-0.028472242,-0.010807483,0.58535592
7,-0.027693267,-0.01357681,0.58399824
7.1,-0.026888191,-0.016265629,0.58237168
7.2,-0.026058819,-0.018871511,0.58048453
7.3,-0.025206955,-0.021392206,0.57834531
7.4,-0.024334399,-0.023825646,0.57596274
7.5,-0.023442945,-0.026169941,0.57334575
7.6,-0.022534377,-0.028423378,0.57050341
7.7,-0.021610468,-0.030584425,0.56744497
7.8,-0.020672976,-0.032651723,0.5641798
7.9,-0.019723643,-0.034624087,0.56071739
8,-0.01876419,-0.036500506,0.55706734
8.1,-0.017796318,-0.038280138,0.55323932
8.2,-0.016821706,-0.039962308,0.54924309
8.3,-0.015842005,-0.041546509,0.54508844
8.4,-0.014858839,-0.043032393,0.5407852
8.5,-0.013873804,-0.044419773,0.53634322
8.6,-0.012888462,-0.04570862,0.53177236
8.7,-0.011904345,-0.046899054,0.52708246
8.8,-0.010922947,-0.047991349,0.52228332
8.9,-0.0099457283,-0.048985922,0.51738473
9,-0.0089741101,-0.049883333,0.5123964
9.1,-0.0080094747,-0.05068428,0.50732797
9.2,-0.0070531641,-0.051389597,0.50218901
9.3,-0.0061064784,-0.052000244,0.49698898
9.4,-0.0051706749,-0.052517312,0.49173725
9.5,-0.0042469674,-0.052942009,0.48644305
9.6,-0.0033365244,-0.053275661,0.48111549
9.7,-0.0024404694,-0.053519708,0.47576352
9.8,-0.0015598789,-0.053675696,0.47039595
9.9,-0.00069578296,-0.053745274,0.46502142
10,0.00015083637,-0.053730191,0.4596484
10.1,0.00097904502,-0.053632286,0.45428517
10.2,0.0017879574,-0.05345349,0.44893982
10.3,0.0025767369,-0.053195817,0.44362024
10.4,0.0033445959,-0.052861357,0.4383341
10.5,0.0040907961,-0.052452277,0.43308888
10.6,0.0048146485,-0.051970813,0.4278918
10.7,0.0055155134,-0.051419261,0.42274987
10.8,0.0061928006,-0.050799981,0.41766987
10.9,0.0068459687,-0.050115384,0.41265833
11,0.0074745256,-0.049367932,0.40772154
11.1,0.0080780276,-0.048560129,0.40286553
11.2,0.0086560792,-0.047694521,0.39809607
11.3,0.0092083329,-0.046773688,0.39341871
11.4,0.0097344886,-0.045800239,0.38883868
11.5,0.010234293,-0.04477681,0.384361
11.6,0.010707539,-0.043706056,0.3799904
11.7,0.011154064,-0.042590649,0.37573133
11.8,0.011573752,-0.041433274,0.371588
11.9,0.01196653,-0.040236621,0.36756434
12,0.012332368,-0.039003384,0.363664
12.1,0.01267128,-0.037736256,0.35989038
12.2,0.012983318,-0.036437925,0.35624658
12.3,0.013268577,-0.035111067,0.35273548
12.4,0.013527192,-0.033758348,0.34935964
12.5,0.013759333,-0.032382414,0.3461214
12.6,0.013965211,-0.030985893,0.34302281
12.7,0.014145071,-0.029571386,0.34006567
12.8,0.014299194,-0.028141467,0.33725153
12.9,0.014427893,-0.026698677,0.33458166
13,0.014531515,-0.025245526,0.33205711
13.1,0.014610439,-0.023784482,0.32967866
13.2,0.014665073,-0.022317975,0.32744686
13.3,0.014695853,-0.020848389,0.32536202
13.4,0.014703245,-0.019378065,0.32342422
13.5,0.014687738,-0.017909291,0.32163329
13.6,0.014649849,-0.016444306,0.31998886
13.7,0.014590117,-0.014985294,0.31849033
13.8,0.014509103,-0.013534384,0.31713689
13.9,0.014407389,-0.012093645,0.31592752
14,0.014285576,-0.010665088,0.31486101
14.1,0.014144286,-0.0092506591,0.31393595
14.2,0.013984154,-0.0078522437,0.31315072
14.3,0.013805832,-0.0064716605,0.31250356
14.4,0.013609988,-0.0051106617,0.31199249
14.5,0.013397299,-0.0037709318,0.3116154
14.6,0.013168457,-0.0024540861,0.31136999
14.7,0.012924162,-0.0011616699,0.31125382
14.8,0.012665123,0.0001048424,0.31126431
14.9,0.012392059,0.0013440483,0.31139871
15,0.012105692,0.0025546175,0.31165417
15.1,0.01180675,0.0037352925,0.3120277
15.2,0.011495967,0.0048848892,0.31251619
15.3,0.011174076,0.0060022969,0.31311642
15.4,0.010841815,0.0070864784,0.31382507
15.5,0.010499919,0.0081364703,0.31463872
15.6,0.010149124,0.0091513827,0.31555386
15.7,0.0097901644,0.010130399,0.3165669
15.8,0.0094237695,0.011072776,0.31767417
15.9,0.009050666,0.011977843,0.31887196
16,0.008671575,0.012845,0.32015646
16.1,0.0082872111,0.013673721,0.32152383
16.2,0.0078982821,0.01446355,0.32297018
16.3,0.0075054874,0.015214098,0.32449159
16.4,0.0071095174,0.01592505,0.3260841
16.5,0.0067110526,0.016596155,0.32774371
16.6,0.006310763,0.017227232,0.32946644
16.7,0.0059093066,0.017818162,0.33124825
16.8,0.0055073293,0.018368895,0.33308514
16.9,0.005105464,0.018879442,0.33497309
17,0.0047043298,0.019349875,0.33690807
17.1,0.0043045313,0.019780328,0.33888611
17.2,0.0039066581,0.020170993,0.34090321
17.3,0.0035112842,0.020522122,0.34295542
17.4,0.0031189673,0.020834019,0.34503882
17.5,0.0027302486,0.021107043,0.34714953
17.6,0.0023456519,0.021341609,0.34928369
17.7,0.0019656835,0.021538177,0.3514375
17.8,0.0015908317,0.02169726,0.35360723
17.9,0.0012215662,0.021819417,0.35578917
18,0.00085833832,0.021905251,0.3579797
18.1,0.00050158005,0.021955409,0.36017524
18.2,0.00015170423,0.021970579,0.3623723
18.3,-0.00019089581,0.021951489,0.36456744
18.4,-0.00052584645,0.021898905,0.36675733
18.5,-0.00085279394,0.021813625,0.3689387
18.6,-0.0011714045,0.021696485,0.37110835
18.7,-0.0014813643,0.021548349,0.37326318
18.8,-0.0017823798,0.021370111,0.37540019
18.9,-0.0020741775,0.021162693,0.37751646
19,-0.002356504,0.020927042,0.37960917
19.1,-0.0026291261,0.02066413,0.38167558
19.2,-0.0028918305,0.020374947,0.38371307
19.3,-0.0031444238,0.020060504,0.38571912
19.4,-0.0033867325,0.019721831,0.38769131
19.5,-0.0036186027,0.019359971,0.3896273
19.6,-0.0038398998,0.018975981,0.3915249
19.7,-0.0040505087,0.01857093,0.39338199
19.8,-0.0042503331,0.018145897,0.39519658
19.9,-0.0044392956,0.017701967,0.39696678
20,-0.004617337,0.017240233,0.3986908
20.1,-0.0047844165,0.016761792,0.40036698
20.2,-0.0049405111,0.016267741,0.40199376
20.3,-0.0050856152,0.015759179,0.40356968
20.4,-0.0052197404,0.015237205,0.4050934
20.5,-0.0053429149,0.014702914,0.40656369
20.6,-0.0054551833,0.014157395,0.40797943
20.7,-0.0055566062,0.013601735,0.4093396
20.8,-0.0056472596,0.013037009,0.4106433
20.9,-0.0057272345,0.012464285,0.41188973
21,-0.0057966364,0.011884622,0.41307819
21.1,-0.005855585,0.011299063,0.4142081
21.2,-0.0059042136,0.010708642,0.41527896
21.3,-0.0059426685,0.010114375,0.4162904
21.4,-0.0059711087,0.0095172641,0.41724213
21.5,-0.0059897052,0.0089182935,0.41813396
21.6,-0.0059986406,0.0083184295,0.4189658
21.7,-0.0059981084,0.0077186186,0.41973766
21.8,-0.0059883127,0.0071197874,0.42044964
21.9,-0.0059694677,0.0065228406,0.42110192
22,-0.0059417966,0.0059286609,0.42169479
22.1,-0.0059055317,0.0053381078,0.4222286
22.2,-0.0058609137,0.0047520164,0.4227038
22.3,-0.0058081909,0.0041711973,0.42312092
22.4,-0.0057476188,0.0035964354,0.42348057
22.5,-0.0056794596,0.0030284895,0.42378341
22.6,-0.0056039815,0.0024680913,0.42403022
22.7,-0.0055214585,0.0019159455,0.42422182
22.8,-0.0054321694,0.0013727285,0.42435909
22.9,-0.0053363976,0.00083908876,0.424443
23,-0.0052344302,0.00031564573,0.42447456
23.1,-0.0051265581,-0.00019701008,0.42445486
23.2,-0.0050130748,-0.00069831756,0.42438503
23.3,-0.0048942763,-0.0011877452,0.42426626
23.4,-0.0047704604,-0.0016647912,0.42409978
23.5,-0.0046419262,-0.0021289839,0.42388688
23.6,-0.004508974,-0.0025798813,0.42362889
23.7,-0.004371904,-0.0030170717,0.42332718
23.8,-0.0042310167,-0.0034401733,0.42298317
23.9,-0.004086612,-0.0038488345,0.42259828
24,-0.0039389886,-0.0042427334,0.42217401
24.1,-0.003788444,-0.0046215778,0.42171185
24.2,-0.0036352736,-0.0049851052,0.42121334
24.3,-0.0034797708,-0.0053330822,0.42068003
24.4,-0.003322226,-0.0056653048,0.4201135
24.5,-0.0031629268,-0.0059815975,0.41951534
24.6,-0.0030021571,-0.0062818132,0.41888716
24.7,-0.0028401972,-0.0065658329,0.41823058
24.8,-0.0026773231,-0.0068335653,0.41754722
24.9,-0.0025138062,-0.0070849459,0.41683873
25,-0.0023499133,-0.0073199372,0.41610673
25.1,-0.0021859058,-0.0075385278,0.41535288
25.2,-0.0020220399,-0.0077407318,0.41457881
25.3,-0.001858566,-0.0079265884,0.41378615
25.4,-0.0016957283,-0.0080961612,0.41297653
25.5,-0.0015337652,-0.0082495377,0.41215158
25.6,-0.0013729082,-0.0083868285,0.4113129
25.7,-0.0012133824,-0.0085081668,0.41046208
25.8,-0.0010554059,-0.0086137074,0.40960071
25.9,-0.00089918978,-0.0087036263,0.40873035
26,-0.00074493778,-0.0087781201,0.40785253
26.1,-0.0005928463,-0.0088374048,0.40696879
26.2,-0.00044310414,-0.0088817152,0.40608062
26.3,-0.00029589245,-0.0089113044,0.40518949
26.4,-0.00015138455,-0.0089264429,0.40429685
26.5,-9.7458712e-06,-0.0089274175,0.40340411
26.6,0.00012886615,-0.0089145308,0.40251265
26.7,0.00026430214,-0.0088881006,0.40162384
26.8,0.00039642083,-0.0088484585,0.400739
26.9,0.00052508913,-0.0087959496,0.3998594
27,0.00065018214,-0.0087309314,0.39898631
27.1,0.00077158316,-0.0086537731,0.39812093
27.2,0.00088918372,-0.0085648547,0.39726445
27.3,0.0010028835,-0.0084645664,0.39641799
27.4,0.0011125905,-0.0083533073,0.39558266
27.5,0.0012182208,-0.0082314852,0.39475951
27.6,0.0013196985,-0.0080995154,0.39394956
27.7,0.0014169558,-0.0079578198,0.39315378
27.8,0.0015099329,-0.0078068265,0.39237309
27.9,0.001598578,-0.0076469687,0.3916084
28,0.001682847,-0.007478684,0.39086053
28.1,0.0017627034,-0.0073024137,0.39013029
28.2,0.0018381186,-0.0071186018,0.38941843
28.3,0.0019090713,-0.0069276947,0.38872566
28.4,0.0019755475,-0.0067301399,0.38805264
28.5,0.0020375406,-0.0065263859,0.3874
28.6,0.0020950509,-0.0063168808,0.38676832
28.7,0.0021480857,-0.0061020722,0.38615811
28.8,0.0021966592,-0.0058824063,0.38556987
28.9,0.0022407919,-0.0056583271,0.38500404
29,0.002280511,-0.005430276,0.38446101
29.1,0.0023158498,-0.005198691,0.38394114
29.2,0.0023468476,-0.0049640063,0.38344474
29.3,0.0023735498,-0.0047266513,0.38297207
29.4,0.0023960073,-0.0044870506,0.38252337
29.5,0.0024142765,-0.0042456229,0.38209881
29.6,0.002428419,-0.004002781,0.38169853
29.7,0.0024385016,-0.0037589308,0.38132264
29.8,0.0024445959,-0.0035144713,0.38097119
29.9,0.002446778,-0.0032697935,0.38064421
30,0.0024451286,-0.0030252806,0.38034168
30.1,0.0024397324,-0.0027813074,0.38006355
30.2,0.0024306784,-0.0025382395,0.37980973
30.3,0.0024180589,-0.0022964336,0.37958008
30.4,0.0024019701,-0.0020562366,0.37937446
30.5,0.0023825113,-0.0018179855,0.37919266
30.6,0.002359785,-0.001582007,0.37903446
30.7,0.0023338965,-0.0013486173,0.3788996
30.8,0.0023049537,-0.001118122,0.37878779
30.9,0.0022730669,-0.00089081528,0.3786987
31,0.0022383487,-0.00066698041,0.37863201
31.1,0.0022009135,-0.00044688906,0.37858732
31.2,0.0021608776,-0.00023080131,0.37856424
31.3,0.0021183586,-1.8965443e-05,0.37856234
31.4,0.0020734758,0.00018838214,0.37858118
31.5,0.0020263492,0.00039101706,0.37862028
31.6,0.0019770999,0.00058872704,0.37867915
31.7,0.0019258496,0.000781312,0.37875728
31.8,0.0018727206,0.00096858406,0.37885414
31.9,0.0018178353,0.0011503676,0.37896918
32,0.0017613163,0.0013264992,0.37910183
32.1,0.0017032862,0.0014968278,0.37925151
32.2,0.001643867,0.0016612145,0.37941763
32.3,0.0015831806,0.0018195326,0.37959959
32.4,0.0015213479,0.0019716674,0.37979675
32.5,0.0014584892,0.0021175163,0.38000851
32.6,0.0013947238,0.0022569887,0.3802342
32.7,0.0013301697,0.0023900057,0.3804732
32.8,0.0012649437,0.0025165,0.38072485
32.9,0.0011991611,0.0026364161,0.3809885
33,0.0011329355,0.0027497097,0.38126347
33.1,0.0010663789,0.0028563476,0.3815491
33.2,0.00099960141,0.0029563077,0.38184473
33.3,0.00093271092,0.0030495788,0.38214969
33.4,0.00086581334,0.0031361601,0.38246331
33.5,0.00079901229,0.0032160614,0.38278491
33.6,0.00073240901,0.0032893023,0.38311384
33.7,0.00066610223,0.0033559125,0.38344943
33.8,0.00060018816,0.0034159313,0.38379103
33.9,0.00053476028,0.0034694073,0.38413797
34,0.00046990935,0.0035163983,0.38448961
34.1,0.00040572327,0.0035569706,0.38484531
34.2,0.00034228703,0.0035911993,0.38520443
34.3,0.00027968264,0.0036191676,0.38556634
34.4,0.00021798906,0.0036409665,0.38593044
34.5,0.00015728213,0.0036566947,0.38629611
34.6,9.7634569e-05,0.0036664581,0.38666275
34.7,3.9115869e-05,0.0036703697,0.38702979
34.8,-1.8207704e-05,0.003668549,0.38739665
34.9,-7.4273157e-05,0.0036611216,0.38776276
35,-0.0001290208,0.0036482196,0.38812758
35.1,-0.00018239424,0.0036299801,0.38849058
35.2,-0.00023434046,0.0036065461,0.38885123
35.3,-0.00028480976,0.0035780651,0.38920904
35.4,-0.00033375579,0.0035446895,0.38956351
35.5,-0.00038113556,0.003506576,0.38991417
35.6,-0.00042690942,0.003463885,0.39026055
35.7,-0.00047104107,0.0034167809,0.39060223
35.8,-0.0005134975,0.0033654312,0.39093878
35.9,-0.00055424903,0.0033100063,0.39126978
36,-0.00059326923,0.0032506794,0.39159484
36.1,-0.00063053493,0.0031876259,0.39191361
36.2,-0.00066602617,0.0031210233,0.39222571
36.3,-0.00069972614,0.0030510506,0.39253081
36.4,-0.00073162119,0.0029778885,0.3928286
36.5,-0.00076170075,0.0029017184,0.39311877
36.6,-0.00078995727,0.0028227227,0.39340105
36.7,-0.00081638619,0.0027410841,0.39367516
36.8,-0.00084098588,0.0026569855,0.39394085
36.9,-0.00086375755,0.0025706098,0.39419791
37,-0.00088470525,0.0024821392,0.39444613
37.1,-0.00090383573,0.0023917557,0.3946853
37.2,-0.00092115841,0.0022996398,0.39491527
37.3,-0.00093668533,0.0022059713,0.39513587
37.4,-0.00095043102,0.0021109282,0.39534696
37.5,-0.00096241246,0.0020146869,0.39554843
37.6,-0.00097264899,0.001917422,0.39574017
37.7,-0.00098116226,0.0018193058,0.3959221
37.8,-0.00098797608,0.0017205082,0.39609415
37.9,-0.0009931164,0.0016211966,0.39625627
38,-0.0009966112,0.0015215354,0.39640842
38.1,-0.00099849041,0.0014216864,0.39655059
38.2,-0.00099878579,0.0013218078,0.39668277
38.3,-0.0009975309,0.0012220547,0.39680498
38.4,-0.00099476095,0.0011225786,0.39691724
38.5,-0.00099051275,0.0010235274,0.39701959
38.6,-0.00098482462,0.0009250449,0.39711209
38.7,-0.00097773625,0.00082727128,0.39719482
38.8,-0.00096928867,0.00073034241,0.39726786
38.9,-0.00095952412,0.00063439,0.39733129
39,-0.00094848598,0.0005395414,0.39738525
39.1,-0.00093621865,0.00044591953,0.39742984
39.2,-0.0009227675,0.00035364278,0.3974652
39.3,-0.00090817875,0.00026282491,0.39749149
39.4,-0.00089249936,0.00017357497,0.39750884
39.5,-0.00087577701,8.5997271e-05,0.39751744
39.6,-0.00085805994,1.9127708e-07,0.39751746
39.7,-0.00083939691,-8.3748414e-05,0.39750909
39.8,-0.00081983709,-0.00016573212,0.39749252
39.9,-0.00079942997,-0.00024567512,0.39746795
40,-0.00077822531,-0.00032349765,0.3974356
40.1,-0.00075627302,-0.00039912495,0.39739569
40.2,-0.00073362309,-0.00047248726,0.39734844
40.3,-0.00071032553,-0.00054351982,0.39729408
40.4,-0.00068643027,-0.00061216284,0.39723287
40.5,-0.0006619871,-0.00067836155,0.39716503
40.6,-0.00063704557,-0.00074206611,0.39709083
40.7,-0.00061165496,-0.00080323161,0.3970105
40.8,-0.00058586417,-0.00086181802,0.39692432
40.9,-0.00055972167,-0.00091779019,0.39683254
41,-0.00053327545,-0.00097111773,0.39673543
41.1,-0.00050657291,-0.001021775,0.39663325
41.2,-0.00047966087,-0.0010697411,0.39652628
41.3,-0.00045258542,-0.0011149997,0.39641478
41.4,-0.00042539196,-0.0011575389,0.39629902
41.5,-0.00039812506,-0.0011973514,0.39617929
41.6,-0.00037082846,-0.0012344342,0.39605585
41.7,-0.00034354503,-0.0012687887,0.39592897
41.8,-0.00031631666,-0.0013004204,0.39579892
41.9,-0.00028918428,-0.0013293388,0.39566599
42,-0.00026218778,-0.0013555576,0.39553044
42.1,-0.00023536601,-0.0013790942,0.39539253
42.2,-0.00020875668,-0.0013999698,0.39525253
42.3,-0.00018239638,-0.0014182095,0.39511071
42.4,-0.00015632053,-0.0014338415,0.39496732
42.5,-0.00013056334,-0.0014468979,0.39482263
42.6,-0.00010515782,-0.0014574137,0.39467689
42.7,-8.0135684e-05,-0.0014654272,0.39453035
42.8,-5.5527407e-05,-0.00147098,0.39438325
42.9,-3.1362158e-05,-0.0014741162,0.39423584
43,-7.6677931e-06,-0.001474883,0.39408835
43.1,1.5529155e-05,-0.00147333,0.39394102
43.2,3.8203495e-05,-0.0014695097,0.39379407
43.3,6.0331381e-05,-0.0014634766,0.39364772
43.4,8.1890328e-05,-0.0014552875,0.39350219
43.5,0.00010285921,-0.0014450016,0.39335769
43.6,0.00012321827,-0.0014326798,0.39321442
43.7,0.00014294912,-0.0014183849,0.39307259
43.8,0.00016203473,-0.0014021814,0.39293237
43.9,0.00018045944,-0.0013841354,0.39279395
44,0.00019820895,-0.0013643145,0.39265752
44.1,0.0002152703,-0.0013427875,0.39252324
44.2,0.0002316319,-0.0013196243,0.39239128
44.3,0.00024728345,-0.001294896,0.39226179
44.4,0.000262216,-0.0012686744,0.39213492
44.5,0.0002764219,-0.0012410322,0.39201082
44.6,0.00028989477,-0.0012120427,0.39188962
44.7,0.00030262952,-0.0011817798,0.39177144
44.8,0.00031462231,-0.0011503175,0.39165641
44.9,0.00032587052,-0.0011177305,0.39154463
45,0.00033637274,-0.0010840932,0.39143622
45.1,0.00034612875,-0.0010494803,0.39133128
45.2,0.00035513948,-0.0010139664,0.39122988
45.3,0.00036340699,-0.00097762569,0.39113212
45.4,0.00037093447,-0.00094053224,0.39103806
45.5,0.00037772615,-0.00090275962,0.39094779
45.6,0.00038378734,-0.00086438089,0.39086135
45.7,0.00038912435,-0.00082546845,0.3907788
45.8,0.00039374446,-0.00078609401,0.39070019
45.9,0.00039765593,-0.00074632842,0.39062556
46,0.00040086792,-0.00070624162,0.39055494
46.1,0.00040339049,-0.00066590257,0.39048835
46.2,0.00040523454,-0.00062537912,0.39042581
46.3,0.00040641178,-0.00058473794,0.39036733
46.4,0.00040693471,-0.00054404447,0.39031293
46.5,0.00040681656,-0.00050336281,0.39026259
46.6,0.0004060713,-0.00046275568,0.39021632
46.7,0.00040471353,-0.00042228433,0.39017409
46.8,0.00040275851,-0.00038200848,0.39013589
46.9,0.00040022207,-0.00034198627,0.39010169
47,0.00039712064,-0.00030227421,0.39007146
47.1,0.00039347114,-0.0002629271,0.39004517
47.2,0.00038929097,-0.000223998,0.39002277
47.3,0.000384598,-0.0001855382,0.39000422
47.4,0.00037941049,-0.00014759715,0.38998946
47.5,0.00037374709,-0.00011022244,0.38997843
47.6,0.00036762678,-7.3459763e-05,0.38997109
47.7,0.00036106882,-3.7352881e-05,0.38996735
47.8,0.00035409276,-1.9436054e-06,0.38996716
47.9,0.00034671836,3.2728231e-05,0.38997043
48,0.00033896558,6.6624789e-05,0.38997709
48.1,0.00033085454,9.9710242e-05,0.38998707
48.2,0.00032240547,0.00013195079,0.39000026
48.3,0.00031363869,0.00016331466,0.39001659
48.4,0.00030457459,0.00019377212,0.39003597
48.5,0.00029523357,0.00022329547,0.3900583
48.6,0.00028563601,0.00025185907,0.39008348
48.7,0.00027580228,0.0002794393,0.39011143
48.8,0.00026575264,0.00030601457,0.39014203
48.9,0.00025550729,0.0003315653,0.39017519
49,0.00024508626,0.00035607392,0.39021079
49.1,0.00023450944,0.00037952487,0.39024875
49.2,0.00022379654,0.00040190452,0.39028894
49.3,0.00021296705,0.00042320123,0.39033126
49.4,0.00020204022,0.00044340525,0.3903756
49.5,0.00019103503,0.00046250875,0.39042185
49.6,0.00017997019,0.00048050577,0.3904699
49.7,0.0001688641,0.00049739218,0.39051964
49.8,0.00015773481,0.00051316566,0.39057095
49.9,0.00014660004,0.00052782566,0.39062374
50,0.00013547712,0.00054137338,0.39067787
50.1,0.00012438301,0.00055381168,0.39073326
50.2,0.00011333423,0.0005651451,0.39078977
50.3,0.00010234692,0.00057537979,0.39084731
50.4,9.1436732e-05,0.00058452346,0.39090576
50.5,8.0618894e-05,0.00059258535,0.39096502
50.6,6.9908152e-05,0.00059957617,0.39102498
50.7,5.9318771e-05,0.00060550805,0.39108553
50.8,4.8864524e-05,0.0006103945,0.39114657
50.9,3.8558677e-05,0.00061425037,0.39120799
51,2.8413984e-05,0.00061709176,0.3912697
51.1,1.8442674e-05,0.00061893603,0.39133159
51.2,8.6564472e-06,0.00061980168,0.39139357
51.3,-9.3353554e-07,0.00061970832,0.39145555
51.4,-1.0316655e-05,0.00061867666,0.39151741
51.5,-1.9482841e-05,0.00061672837,0.39157909
51.6,-2.8422574e-05,0.00061388612,0.39164047
51.7,-3.712689e-05,0.00061017343,0.39170149
51.8,-4.558738e-05,0.00060561469,0.39176205
51.9,-5.3796194e-05,0.00060023507,0.39182208
52,-6.174604e-05,0.00059406047,0.39188148
52.1,-6.9430182e-05,0.00058711745,0.39194019
52.2,-7.684244e-05,0.0005794332,0.39199814
52.3,-8.3977186e-05,0.00057103548,0.39205524
52.4,-9.0829345e-05,0.00056195255,0.39211144
52.5,-9.7394384e-05,0.00055221311,0.39216666
52.6,-0.00010366832,0.00054184628,0.39222084
52.7,-0.00010964768,0.00053088151,0.39227393
52.8,-0.00011532957,0.00051934856,0.39232587
52.9,-0.00012071156,0.0005072774,0.39237659
53,-0.00012579178,0.00049469822,0.39242606
53.1,-0.00013056885,0.00048164134,0.39247423
53.2,-0.00013504188,0.00046813715,0.39252104
53.3,-0.00013921049,0.0004542161,0.39256646
53.4,-0.00014307477,0.00043990862,0.39261045
53.5,-0.00014663526,0.0004252451,0.39265298
53.6,-0.00014989299,0.0004102558,0.392694
53.7,-0.00015284941,0.00039497086,0.3927335
53.8,-0.00015550643,0.00037942021,0.39277144
53.9,-0.00015786636,0.00036363358,0.39280781
54,-0.00015993192,0.00034764039,0.39284257
54.1,-0.00016170624,0.00033146976,0.39287572
54.2,-0.00016319283,0.00031515048,0.39290723
54.3,-0.00016439557,0.00029871092,0.3929371
54.4,-0.00016531868,0.00028217905,0.39296532
54.5,-0.00016596675,0.00026558238,0.39299188
54.6,-0.00016634468,0.00024894791,0.39301677
54.7,-0.00016645767,0.00023230214,0.39304
54.8,-0.00016631124,0.00021567102,0.39306157
54.9,-0.00016591119,0.0001990799,0.39308148
55,-0.00016526358,0.00018255354,0.39309974
55.1,-0.00016437472,0.00016611607,0.39311635
55.2,-0.00016325117,0.00014979095,0.39313133
55.3,-0.0001618997,0.00013360098,0.39314469
55.4,-0.00016032729,0.00011756825,0.39315644
55.5,-0.00015854112,0.00010171414,0.39316661
55.6,-0.00015654854,8.6059289e-05,0.39317522
55.7,-0.00015435706,7.0623584e-05,0.39318228
55.8,-0.00015197433,5.542615e-05,0.39318783
55.9,-0.00014940815,4.0485335e-05,0.39319187
56,-0.00014666643,2.5818692e-05,0.39319446
56.1,-0.00014375717,1.1442975e-05,0.3931956
56.2,-0.00014068846,-2.6258713e-06,0.39319534
56.3,-0.00013746848,-1.6372719e-05,0.3931937
56.4,-0.00013410545,-2.9783264e-05,0.39319072
56.5,-0.00013060764,-4.2844028e-05,0.39318644
56.6,-0.00012698335,-5.5542363e-05,0.39318088
56.7,-0.0001232409,-6.7866453e-05,0.3931741
56.8,-0.00011938862,-7.9805315e-05,0.39316612
56.9,-0.00011543482,-9.1348797e-05,0.39315698
57,-0.00011138779,-0.00010248758,0.39314673
57.1,-0.00010725579,-0.00011321315,0.39313541
57.2,-0.00010304704,-0.00012351786,0.39312306
57.3,-9.8769683e-05,-0.00013339483,0.39310972
57.4,-9.4431816e-05,-0.00014283801,0.39309544
57.5,-9.0041443e-05,-0.00015184215,0.39308025
57.6,-8.5606479e-05,-0.0001604028,0.39306421
57.7,-8.1134738e-05,-0.00016851627,0.39304736
57.8,-7.6633926e-05,-0.00017617967,0.39302974
57.9,-7.2111624e-05,-0.00018339083,0.3930114
58,-6.7575288e-05,-0.00019014836,0.39299239
58.1,-6.3032233e-05,-0.00019645158,0.39297274
58.2,-5.8489627e-05,-0.00020230054,0.39295251
58.3,-5.3954486e-05,-0.00020769599,0.39293174
58.4,-4.9433661e-05,-0.00021263936,0.39291048
58.5,-4.4933835e-05,-0.00021713274,0.39288877
58.6,-4.0461515e-05,-0.00022117889,0.39286665
58.7,-3.6023027e-05,-0.0002247812,0.39284417
58.8,-3.1624506e-05,-0.00022794365,0.39282138
58.9,-2.7271895e-05,-0.00023067084,0.39279831
59,-2.2970941e-05,-0.00023296793,0.39277501
59.1,-1.8727182e-05,-0.00023484065,0.39275153
59.2,-1.4545955e-05,-0.00023629524,0.3927279
59.3,-1.043238e-05,-0.00023733848,0.39270416
59.4,-6.3913672e-06,-0.00023797762,0.39268037
59.5,-2.4276059e-06,-0.00023822038,0.39265654
59.6,1.4544333e-06,-0.00023807494,0.39263274
59.7,5.2505024e-06,-0.00023754989,0.39260898
59.8,8.9565775e-06,-0.00023665423,0.39258532
59.9,1.256886e-05,-0.00023539734,0.39256178
60,1.6083779e-05,-0.00023378896,0.3925384
60.1,1.949799e-05,-0.00023183916,0.39251521
60.2,2.2808375e-05,-0.00022955833,0.39249226
60.3,2.6012046e-05,-0.00022695712,0.39246956
60.4,2.9106339e-05,-0.00022404649,0.39244716
60.5,3.208882e-05,-0.00022083761,0.39242507
60.6,3.4957276e-05,-0.00021734188,0.39240334
60.7,3.7709722e-05,-0.00021357091,0.39238198
60.8,4.0344391e-05,-0.00020953647,0.39236103
60.9,4.2859739e-05,-0.00020525049,0.3923405
61,4.525444e-05,-0.00020072505,0.39232043
61.1,4.752738e-05,-0.00019597231,0.39230083
61.2,4.9677659e-05,-0.00019100455,0.39228173
61.3,5.1704587e-05,-0.00018583409,0.39226315
61.4,5.3607678e-05,-0.00018047332,0.3922451
61.5,5.5386649e-05,-0.00017493465,0.39222761
61.6,5.7041414e-05,-0.00016923051,0.39221069
61.7,5.8572082e-05,-0.00016337331,0.39219435
61.8,5.9978951e-05,-0.00015737541,0.39217861
61.9,6.1262503e-05,-0.00015124916,0.39216349
62,6.2423403e-05,-0.00014500682,0.39214899
62.1,6.3462488e-05,-0.00013866057,0.39213512
62.2,6.4380769e-05,-0.00013222249,0.3921219
62.3,6.517942e-05,-0.00012570455,0.39210933
62.4,6.5859774e-05,-0.00011911857,0.39209742
62.5,6.6423321e-05,-0.00011247624,0.39208617
62.6,6.6871697e-05,-0.00010578907,0.39207559
62.7,6.7206683e-05,-9.9068404e-05,0.39206568
62.8,6.7430196e-05,-9.2325385e-05,0.39205645
62.9,6.7544284e-05,-8.5570956e-05,0.39204789
63,6.755112e-05,-7.8815844e-05,0.39204001
63.1,6.7452999e-05,-7.2070544e-05,0.3920328
63.2,6.7252326e-05,-6.5345312e-05,0.39202627
63.3,6.6951613e-05,-5.865015e-05,0.3920204
63.4,6.6553475e-05,-5.1994803e-05,0.3920152
63.5,6.6060619e-05,-4.5388741e-05,0.39201067
63.6,6.5475843e-05,-3.8841157e-05,0.39200678
63.7,6.4802024e-05,-3.2360954e-05,0.39200355
63.8,6.4042118e-05,-2.5956743e-05,0.39200095
63.9,6.3199149e-05,-1.9636828e-05,0.39199899
64,6.2276204e-05,-1.3409207e-05,0.39199765
64.1,6.1276429e-05,-7.2815644e-06,0.39199692
64.2,6.020302e-05,-1.2612624e-06,0.39199679
64.3,5.9059218e-05,4.6446594e-06,0.39199726
64.4,5.7848306e-05,1.042949e-05,0.3919983
64.5,5.6573597e-05,1.608685e-05,0.39199991
64.6,5.5238432e-05,2.1610693e-05,0.39200207
64.7,5.3846177e-05,2.6995311e-05,0.39200477
64.8,5.2400209e-05,3.2235332e-05,0.39200799
64.9,5.090392e-05,3.7325724e-05,0.39201172
65,4.9360704e-05,4.2261794e-05,0.39201595
65.1,4.7773956e-05,4.7039189e-05,0.39202065
65.2,4.6147066e-05,5.1653896e-05,0.39202582
65.3,4.4483412e-05,5.6102237e-05,0.39203143
65.4,4.2786357e-05,6.0380873e-05,0.39203747
65.5,4.1059244e-05,6.4486797e-05,0.39204392
65.6,3.9305389e-05,6.8417336e-05,0.39205076
65.7,3.752808e-05,7.2170144e-05,0.39205798
65.8,3.573057e-05,7.5743201e-05,0.39206555
65.9,3.3916073e-05,7.9134809e-05,0.39207346
66,3.2087761e-05,8.2343585e-05,0.3920817
66.1,3.0248758e-05,8.5368461e-05,0.39209023
66.2,2.8402139e-05,8.8208674e-05,0.39209905
66.3,2.6550923e-05,9.0863767e-05,0.39210814
66.4,2.4698074e-05,9.3333574e-05,0.39211747
66.5,2.2846493e-05,9.5618223e-05,0.39212704
66.6,2.0999016e-05,9.7718125e-05,0.39213681
66.7,1.9158413e-05,9.9633966e-05,0.39214677
66.8,1.7327385e-05,0.0001013667,0.39215691
66.9,1.5508557e-05,0.00010291756,0.3921672
67,1.3704482e-05,0.00010428801,0.39217763
67.1,1.1917633e-05,0.00010547977,0.39218818
67.2,1.0150405e-05,0.00010649481,0.39219883
67.3,8.4051101e-06,0.00010733532,0.39220956
67.4,6.6839777e-06,0.00010800372,0.39222036
67.5,4.9891514e-06,0.00010850264,0.39223121
67.6,3.3226881e-06,0.00010883491,0.39224209
67.7,1.6865569e-06,0.00010900356,0.39225299
67.8,8.2637554e-08,0.00010901182,0.3922639
67.9,-1.4872802e-06,0.0001088631,0.39227478
68,-3.0214978e-06,0.00010856095,0.39228564
68.1,-4.5184083e-06,0.00010810911,0.39229645
68.2,-5.9764969e-06,0.00010751146,0.3923072
68.3,-7.3943414e-06,0.00010677202,0.39231788
68.4,-8.7706123e-06,0.00010589496,0.39232847
68.5,-1.0104073e-05,0.00010488455,0.39233896
68.6,-1.139358e-05,0.0001037452,0.39234933
68.7,-1.2638081e-05,0.00010248139,0.39235958
68.8,-1.3836618e-05,0.00010109773,0.39236969
68.9,-1.4988324e-05,9.9598893e-05,0.39237965
69,-1.609242e-05,9.7989651e-05,0.39238945
69.1,-1.7148223e-05,9.6274829e-05,0.39239907
69.2,-1.8155134e-05,9.4459316e-05,0.39240852
69.3,-1.9112646e-05,9.2548051e-05,0.39241777
69.4,-2.0020338e-05,9.0546017e-05,0.39242683
69.5,-2.0877874e-05,8.845823e-05,0.39243568
69.6,-2.1685005e-05,8.6289729e-05,0.3924443
69.7,-2.2441563e-05,8.4045573e-05,0.39245271
69.8,-2.3147465e-05,8.1730827e-05,0.39246088
69.9,-2.3802704e-05,7.9350556e-05,0.39246882
70,-2.4407355e-05,7.6909821e-05,0.39247651
70.1,-2.4961568e-05,7.4413664e-05,0.39248395
70.2,-2.5465568e-05,7.1867107e-05,0.39249114
70.3,-2.5919652e-05,6.9275142e-05,0.39249806
70.4,-2.632419e-05,6.6642723e-05,0.39250473
70.5,-2.6679618e-05,6.3974761e-05,0.39251113
70.6,-2.6986442e-05,6.1276117e-05,0.39251725
70.7,-2.7245228e-05,5.8551594e-05,0.39252311
70.8,-2.7456607e-05,5.5805933e-05,0.39252869
70.9,-2.762127e-05,5.3043806e-05,0.39253399
71,-2.7739964e-05,5.026981e-05,0.39253902
71.1,-2.7813492e-05,4.7488461e-05,0.39254377
71.2,-2.7842708e-05,4.470419e-05,0.39254824
71.3,-2.7828519e-05,4.1921338e-05,0.39255243
71.4,-2.7771878e-05,3.914415e-05,0.39255635
71.5,-2.7673782e-05,3.6376772e-05,0.39255998
71.6,-2.7535272e-05,3.3623245e-05,0.39256335
71.7,-2.7357431e-05,3.0887502e-05,0.39256643
71.8,-2.7141376e-05,2.8173364e-05,0.39256925
71.9,-2.6888261e-05,2.5484538e-05,0.3925718
72,-2.6599273e-05,2.2824611e-05,0.39257408
72.1,-2.6275628e-05,2.0197048e-05,0.3925761
72.2,-2.591857e-05,1.7605191e-05,0.39257786
72.3,-2.5529368e-05,1.5052254e-05,0.39257937
72.4,-2.5109313e-05,1.2541323e-05,0.39258062
72.5,-2.4659716e-05,1.0075351e-05,0.39258163
72.6,-2.4181906e-05,7.6571606e-06,0.3925824
72.7,-2.3677227e-05,5.2894379e-06,0.39258292
72.8,-2.3147036e-05,2.9747343e-06,0.39258322
72.9,-2.2592699e-05,7.1546434e-07,0.39258329
73,-2.2015592e-05,-1.4860949e-06,0.39258314
73.1,-2.1417096e-05,-3.6278045e-06,0.39258278
73.2,-2.0798593e-05,-5.7076638e-06,0.39258221
73.3,-2.016147e-05,-7.7238108e-06,0.39258144
73.4,-1.9507111e-05,-9.6745219e-06,0.39258047
73.5,-1.8836898e-05,-1.1558212e-05,0.39257932
73.6,-1.8152205e-05,-1.3373432e-05,0.39257798
73.7,-1.7454404e-05,-1.5118873e-05,0.39257647
73.8,-1.6744852e-05,-1.6793358e-05,0.39257479
73.9,-1.60249e-05,-1.8395848e-05,0.39257295
74,-1.5295883e-05,-1.9925436e-05,0.39257095
74.1,-1.4559123e-05,-2.1381348e-05,0.39256882
74.2,-1.3815924e-05,-2.2762941e-05,0.39256654
74.3,-1.3067573e-05,-2.4069698e-05,0.39256413
74.4,-1.2315339e-05,-2.5301232e-05,0.3925616
74.5,-1.1560465e-05,-2.6457279e-05,0.39255896
74.6,-1.0804177e-05,-2.7537696e-05,0.3925562
74.7,-1.0047674e-05,-2.8542464e-05,0.39255335
74.8,-9.292128e-06,-2.9471676e-05,0.3925504
74.9,-8.5386878e-06,-3.0325545e-05,0.39254737
75,-7.7884724e-06,-3.1104392e-05,0.39254426
75.1,-7.042572e-06,-3.180865e-05,0.39254108
75.2,-6.3020468e-06,-3.2438854e-05,0.39253783
75.3,-5.567926e-06,-3.2995647e-05,0.39253454
75.4,-4.8412067e-06,-3.3479768e-05,0.39253119
75.5,-4.1228532e-06,-3.3892053e-05,0.3925278
75.6,-3.4137963e-06,-3.4233433e-05,0.39252437
75.7,-2.7149321e-06,-3.4504926e-05,0.39252092
75.8,-2.027122e-06,-3.4707638e-05,0.39251745
75.9,-1.3511917e-06,-3.4842757e-05,0.39251397
76,-6.8793076e-07,-3.491155e-05,0.39251048
76.1,-3.8092346e-08,-3.4915359e-05,0.39250699
76.2,5.9760743e-07,-3.4855599e-05,0.3925035
76.3,1.2184897e-06,-3.473375e-05,0.39250003
76.4,1.8239129e-06,-3.4551358e-05,0.39249657
76.5,2.4132735e-06,-3.4310031e-05,0.39249314
76.6,2.9860053e-06,-3.4011431e-05,0.39248974
76.7,3.5415805e-06,-3.3657272e-05,0.39248637
76.8,4.0795087e-06,-3.3249322e-05,0.39248305
76.9,4.5993375e-06,-3.2789388e-05,0.39247977
77,5.1006522e-06,-3.2279323e-05,0.39247654
77.1,5.5830758e-06,-3.1721015e-05,0.39247337
77.2,6.0462682e-06,-3.1116388e-05,0.39247026
77.3,6.4899268e-06,-3.0467396e-05,0.39246721
77.4,6.9137853e-06,-2.9776017e-05,0.39246423
77.5,7.3176141e-06,-2.9044256e-05,0.39246133
77.6,7.7012192e-06,-2.8274134e-05,0.3924585
77.7,8.0644422e-06,-2.7467689e-05,0.39245576
77.8,8.4071595e-06,-2.6626974e-05,0.39245309
77.9,8.7292821e-06,-2.5754045e-05,0.39245052
78,9.0307545e-06,-2.485097e-05,0.39244803
78.1,9.3115545e-06,-2.3919814e-05,0.39244564
78.2,9.5716922e-06,-2.2962645e-05,0.39244334
78.3,9.8112095e-06,-2.1981524e-05,0.39244115
78.4,1.0030179e-05,-2.0978506e-05,0.39243905
78.5,1.0228705e-05,-1.9955636e-05,0.39243705
78.6,1.0406918e-05,-1.8914944e-05,0.39243516
78.7,1.0564981e-05,-1.7858446e-05,0.39243338
78.8,1.0703082e-05,-1.6788138e-05,0.3924317
78.9,1.0821437e-05,-1.5705994e-05,0.39243013
79,1.0920286e-05,-1.4613965e-05,0.39242866
79.1,1.0999897e-05,-1.3513976e-05,0.39242731
79.2,1.106056e-05,-1.240792e-05,0.39242607
79.3,1.1102589e-05,-1.1297661e-05,0.39242494
79.4,1.1126319e-05,-1.0185029e-05,0.39242392
79.5,1.1132107e-05,-9.0718181e-06,0.39242302
79.6,1.112033e-05,-7.9597851e-06,0.39242222
79.7,1.1091384e-05,-6.8506467e-06,0.39242154
79.8,1.1045682e-05,-5.7460785e-06,0.39242096
79.9,1.0983656e-05,-4.6477129e-06,0.3924205
80,1.0905753e-05,-3.5571376e-06,0.39242014
80.1,1.0812434e-05,-2.4758942e-06,0.39241989
80.2,1.0704176e-05,-1.4054767e-06,0.39241975
80.3,1.0581466e-05,-3.4733001e-07,0.39241972
80.4,1.0444807e-05,6.971507e-07,0.39241979
80.5,1.0294709e-05,1.7266216e-06,0.39241996
80.6,1.0131693e-05,2.7397908e-06,0.39242023
80.7,9.9562892e-06,3.7354198e-06,0.39242061
80.8,9.7690357e-06,4.7123233e-06,0.39242108
80.9,9.5704769e-06,5.669371e-06,0.39242165
81,9.3611631e-06,6.6054873e-06,0.39242231
81.1,9.1416494e-06,7.5196523e-06,0.39242306
81.2,8.912495e-06,8.4109018e-06,0.3924239
81.3,8.6742616e-06,9.2783279e-06,0.39242483
81.4,8.4275133e-06,1.0121079e-05,0.39242584
81.5,8.1728149e-06,1.0938361e-05,0.39242693
81.6,7.9107316e-06,1.1729434e-05,0.39242811
81.7,7.6418277e-06,1.2493617e-05,0.39242936
81.8,7.3666662e-06,1.3230283e-05,0.39243068
81.9,7.0858074e-06,1.3938864e-05,0.39243207
82,6.7998085e-06,1.4618845e-05,0.39243353
82.1,6.5092227e-06,1.5269767e-05,0.39243506
82.2,6.2145985e-06,1.5891227e-05,0.39243665
82.3,5.9164787e-06,1.6482875e-05,0.3924383
82.4,5.6153999e-06,1.7044415e-05,0.39244
82.5,5.3118918e-06,1.7575604e-05,0.39244176
82.6,5.0064765e-06,1.8076252e-05,0.39244357
82.7,4.6996678e-06,1.8546218e-05,0.39244542
82.8,4.3919705e-06,1.8985416e-05,0.39244732
82.9,4.0838802e-06,1.9393804e-05,0.39244926
83,3.7758823e-06,1.9771392e-05,0.39245124
83.1,3.4684516e-06,2.0118237e-05,0.39245325
83.2,3.1620519e-06,2.0434442e-05,0.39245529
83.3,2.8571355e-06,2.0720156e-05,0.39245737
83.4,2.5541425e-06,2.097557e-05,0.39245946
83.5,2.2535009e-06,2.120092e-05,0.39246158
83.6,1.9556255e-06,2.1396483e-05,0.39246372
83.7,1.6609182e-06,2.1562574e-05,0.39246588
83.8,1.3697672e-06,2.1699551e-05,0.39246805
83.9,1.0825469e-06,2.1807806e-05,0.39247023
84,7.9961776e-07,2.1887768e-05,0.39247242
84.1,5.2132559e-07,2.19399e-05,0.39247461
84.2,2.4800175e-07,2.19647e-05,0.39247681
84.3,-2.0037212e-08,2.1962697e-05,0.39247901
84.4,-2.8248973e-07,2.1934448e-05,0.3924812
84.5,-5.3906934e-07,2.1880541e-05,0.39248339
84.6,-7.8950483e-07,2.180159e-05,0.39248557
84.7,-1.0335403e-06,2.1698236e-05,0.39248774
84.8,-1.2709353e-06,2.1571143e-05,0.39248989
84.9,-1.5014646e-06,2.1420996e-05,0.39249204
85,-1.7249188e-06,2.1248504e-05,0.39249416
85.1,-1.9411036e-06,2.1054394e-05,0.39249627
85.2,-2.1498402e-06,2.083941e-05,0.39249835
85.3,-2.3509653e-06,2.0604313e-05,0.39250041
85.4,-2.5443307e-06,2.034988e-05,0.39250245
85.5,-2.7298035e-06,2.00769e-05,0.39250445
85.6,-2.9072658e-06,1.9786173e-05,0.39250643
85.7,-3.0766147e-06,1.9478512e-05,0.39250838
85.8,-3.2377619e-06,1.9154736e-05,0.3925103
85.9,-3.3906338e-06,1.8815672e-05,0.39251218
86,-3.5351711e-06,1.8462155e-05,0.39251402
86.1,-3.6713289e-06,1.8095022e-05,0.39251583
86.2,-3.7990759e-06,1.7715115e-05,0.3925176
86.3,-3.9183946e-06,1.7323275e-05,0.39251934
86.4,-4.029281e-06,1.6920347e-05,0.39252103
86.5,-4.1317442e-06,1.6507173e-05,0.39252268
86.6,-4.225806e-06,1.6084592e-05,0.39252429
86.7,-4.3115009e-06,1.5653442e-05,0.39252585
86.8,-4.3888755e-06,1.5214555e-05,0.39252737
86.9,-4.4579882e-06,1.4768756e-05,0.39252885
87,-4.5189091e-06,1.4316865e-05,0.39253028
87.1,-4.5717194e-06,1.3859693e-05,0.39253167
87.2,-4.616511e-06,1.3398042e-05,0.39253301
87.3,-4.6533863e-06,1.2932703e-05,0.3925343
87.4,-4.6824578e-06,1.2464457e-05,0.39253555
87.5,-4.7038477e-06,1.1994073e-05,0.39253675
87.6,-4.7176871e-06,1.1522304e-05,0.3925379
87.7,-4.7241165e-06,1.1049892e-05,0.39253901
87.8,-4.7232844e-06,1.0577564e-05,0.39254006
87.9,-4.7153476e-06,1.0106029e-05,0.39254107
88,-4.7004704e-06,9.635982e-06,0.39254204
88.1,-4.6788243e-06,9.1680995e-06,0.39254295
88.2,-4.6505877e-06,8.7030408e-06,0.39254382
88.3,-4.6159452e-06,8.2414462e-06,0.39254465
88.4,-4.5750876e-06,7.7839375e-06,0.39254543
88.5,-4.5282109e-06,7.3311164e-06,0.39254616
88.6,-4.4755164e-06,6.8835647e-06,0.39254685
88.7,-4.41721e-06,6.4418437e-06,0.39254749
88.8,-4.353502e-06,6.0064936e-06,0.39254809
88.9,-4.2846063e-06,5.5780329e-06,0.39254865
89,-4.2107404e-06,5.1569589e-06,0.39254917
89.1,-4.1321248e-06,4.7437464e-06,0.39254964
89.2,-4.0489827e-06,4.3388481e-06,0.39255007
89.3,-3.9615392e-06,3.9426942e-06,0.39255047
89.4,-3.8700215e-06,3.5556921e-06,0.39255082
89.5,-3.7746582e-06,3.1782262e-06,0.39255114
89.6,-3.6756788e-06,2.8106584e-06,0.39255142
89.7,-3.5733136e-06,2.453327e-06,0.39255167
89.8,-3.4677932e-06,2.1065477e-06,0.39255188
89.9,-3.359348e-06,1.7706129e-06,0.39255206
90,-3.248208e-06,1.4457921e-06,0.3925522
90.1,-3.1346026e-06,1.1323318e-06,0.39255231
90.2,-3.01876e-06,8.3045583e-07,0.3925524
90.3,-2.9009068e-06,5.4036515e-07,0.39255245
90.4,-2.781268e-06,2.6223835e-07,0.39255248
90.5,-2.6600666e-06,-3.768312e-09,0.39255248
90.6,-2.5375231e-06,-2.5752062e-07,0.39255245
90.7,-2.4138554e-06,-4.9890616e-07,0.3925524
90.8,-2.2892784e-06,-7.2783399e-07,0.39255233
90.9,-2.1640038e-06,-9.4423438e-07,0.39255223
91,-2.03824e-06,-1.1480584e-06,0.39255212
91.1,-1.9121916e-06,-1.3392775e-06,0.39255199
91.2,-1.786059e-06,-1.5178834e-06,0.39255183
91.3,-1.6600387e-06,-1.6838873e-06,0.39255167
91.4,-1.5343229e-06,-1.8373196e-06,0.39255148
91.5,-1.4090989e-06,-1.9782295e-06,0.39255128
91.6,-1.2845494e-06,-2.1066844e-06,0.39255107
91.7,-1.1608521e-06,-2.2227696e-06,0.39255085
91.8,-1.0381796e-06,-2.3265876e-06,0.39255062
91.9,-9.1669916e-07,-2.4182575e-06,0.39255038
92,-7.9657264e-07,-2.4979148e-06,0.39255013
92.1,-6.7795631e-07,-2.5657104e-06,0.39254987
92.2,-5.6100077e-07,-2.6218105e-06,0.39254961
92.3,-4.4585081e-07,-2.6663956e-06,0.39254934
92.4,-3.3264533e-07,-2.6996601e-06,0.39254907
92.5,-2.2151722e-07,-2.7218118e-06,0.3925488
92.6,-1.1259333e-07,-2.7330712e-06,0.39254853
92.7,-5.9943717e-09,-2.7336706e-06,0.39254825
92.8,9.8165141e-08,-2.7238541e-06,0.39254798
92.9,1.9977691e-07,-2.7038764e-06,0.39254771
93,2.9873891e-07,-2.6740025e-06,0.39254744
93.1,3.949554e-07,-2.634507e-06,0.39254718
93.2,4.8833693e-07,-2.5856733e-06,0.39254692
93.3,5.7880037e-07,-2.5277932e-06,0.39254667
93.4,6.6626888e-07,-2.4611663e-06,0.39254642
93.5,7.5067189e-07,-2.3860992e-06,0.39254618
93.6,8.319451e-07,-2.3029046e-06,0.39254595
93.7,9.1003042e-07,-2.2119016e-06,0.39254573
93.8,9.8487594e-07,-2.113414e-06,0.39254552
93.9,1.0564359e-06,-2.0077704e-06,0.39254532
94,1.1246705e-06,-1.8953034e-06,0.39254513
94.1,1.1895461e-06,-1.7763488e-06,0.39254495
94.2,1.2510348e-06,-1.6512453e-06,0.39254479
94.3,1.3091147e-06,-1.5203338e-06,0.39254464
94.4,1.3637695e-06,-1.3839569e-06,0.3925445
94.5,1.4149887e-06,-1.242458e-06,0.39254437
94.6,1.4627671e-06,-1.0961813e-06,0.39254426
94.7,1.5071052e-06,-9.4547076e-07,0.39254417
94.8,1.5480087e-06,-7.9066989e-07,0.39254409
94.9,1.5854884e-06,-6.3212105e-07,0.39254403
95,1.6195602e-06,-4.7016503e-07,0.39254398
95.1,1.6502451e-06,-3.0514052e-07,0.39254395
95.2,1.6775686e-06,-1.3738366e-07,0.39254393
95.3,1.7015612e-06,3.2772459e-08,0.39254394
95.4,1.7222575e-06,2.0499821e-07,0.39254396
95.5,1.7396967e-06,3.7896788e-07,0.392544
95.6,1.7539222e-06,5.5436009e-07,0.39254405
95.7,1.7649813e-06,7.3085822e-07,0.39254412
95.8,1.7729253e-06,9.0815076e-07,0.39254422
95.9,1.7778093e-06,1.0859317e-06,0.39254432
96,1.7796916e-06,1.2639008e-06,0.39254445
96.1,1.7786342e-06,1.4417643e-06,0.39254459
96.2,1.7747023e-06,1.6192345e-06,0.39254476
96.3,1.7679641e-06,1.7960309e-06,0.39254494
96.4,1.7584905e-06,1.97188e-06,0.39254513
96.5,1.7463553e-06,2.1465155e-06,0.39254535
96.6,1.7316348e-06,2.319679e-06,0.39254558
96.7,1.7144077e-06,2.4911197e-06,0.39254583
96.8,1.6947547e-06,2.6605952e-06,0.3925461
96.9,1.6727588e-06,2.8278711e-06,0.39254638
97,1.6485046e-06,2.9927215e-06,0.39254668
97.1,1.6220785e-06,3.1549294e-06,0.39254699
97.2,1.5935683e-06,3.3142862e-06,0.39254732
97.3,1.5630633e-06,3.4705926e-06,0.39254767
97.4,1.5306538e-06,3.6236579e-06,0.39254803
97.5,1.4964312e-06,3.7733011e-06,0.39254841
97.6,1.4604877e-06,3.9193498e-06,0.3925488
97.7,1.4229163e-06,4.0616415e-06,0.39254921
97.8,1.3838102e-06,4.2000225e-06,0.39254963
97.9,1.3432634e-06,4.3343488e-06,0.39255006
98,1.3013698e-06,4.4644858e-06,0.39255051
98.1,1.2582235e-06,4.5903082e-06,0.39255097
98.2,1.2139184e-06,4.7117e-06,0.39255144
98.3,1.1685483e-06,4.8285548e-06,0.39255192
98.4,1.1222066e-06,4.9407755e-06,0.39255242
98.5,1.0749863e-06,5.0482741e-06,0.39255292
98.6,1.0269794e-06,5.1509721e-06,0.39255344
98.7,9.7827757e-07,5.2487998e-06,0.39255396
98.8,9.2897134e-07,5.3416969e-06,0.3925545
98.9,8.7915029e-07,5.429612e-06,0.39255504
99,8.2890288e-07,5.5125023e-06,0.39255559
99.1,7.7831632e-07,5.5903339e-06,0.39255615
99.2,7.2747647e-07,5.6630815e-06,0.39255671
99.3,6.7646775e-07,5.7307283e-06,0.39255729
99.4,6.2537302e-07,5.7932656e-06,0.39255787
99.5,5.7427348e-07,5.850693e-06,0.39255845
99.6,5.2324861e-07,5.9030178e-06,0.39255904
99.7,4.7237607e-07,5.9502554e-06,0.39255964
99.8,4.217316e-07,5.9924286e-06,0.39256024
99.9,3.7138898e-07,6.0295675e-06,0.39256084
100,3.2141992e-07,6.0617095e-06,0.39256145
100.1,2.7189401e-07,6.0888989e-06,0.39256205
100.2,2.2287869e-07,6.1111868e-06,0.39256267
100.3,1.7443912e-07,6.1286307e-06,0.39256328
100.4,1.2663821e-07,6.1412945e-06,0.39256389
100.5,7.9536498e-08,6.1492481e-06,0.39256451
100.6,3.3192158e-08,6.1525673e-06,0.39256512
100.7,-1.2339061e-08,6.1513334e-06,0.39256574
100.8,-5.7003867e-08,6.1456331e-06,0.39256635
100.9,-1.0075145e-07,6.1355579e-06,0.39256697
101,-1.4353351e-07,6.1212046e-06,0.39256758
101.1,-1.8530429e-07,6.1026741e-06,0.39256819
101.2,-2.2602055e-07,6.0800721e-06,0.3925688
101.3,-2.6564165e-07,6.0535079e-06,0.3925694
101.4,-3.0412949e-07,6.023095e-06,0.39257
101.5,-3.4144854e-07,5.9889501e-06,0.3925706
101.6,-3.7756586e-07,5.9511935e-06,0.3925712
101.7,-4.1245107e-07,5.9099484e-06,0.39257179
101.8,-4.4607632e-07,5.8653408e-06,0.39257238
101.9,-4.7841636e-07,5.8174991e-06,0.39257296
102,-5.0944843e-07,5.7665543e-06,0.39257353
102.1,-5.3915228e-07,5.7126391e-06,0.39257411
102.2,-5.6751019e-07,5.6558881e-06,0.39257467
102.3,-5.9450686e-07,5.5964374e-06,0.39257523
102.4,-6.2012945e-07,5.5344244e-06,0.39257578
102.5,-6.443675e-07,5.4699877e-06,0.39257633
102.6,-6.6721295e-07,5.4032664e-06,0.39257687
102.7,-6.8866002e-07,5.3344004e-06,0.39257741
102.8,-7.0870526e-07,5.2635299e-06,0.39257793
102.9,-7.2734745e-07,5.1907951e-06,0.39257845
103,-7.4458756e-07,5.1163363e-06,0.39257896
103.1,-7.604287e-07,5.0402935e-06,0.39257947
103.2,-7.7487611e-07,4.9628059e-06,0.39257996
103.3,-7.8793703e-07,4.8840122e-06,0.39258045
103.4,-7.9962074e-07,4.8040501e-06,0.39258093
103.5,-8.099384e-07,4.7230563e-06,0.3925814
103.6,-8.1890308e-07,4.6411659e-06,0.39258187
103.7,-8.2652964e-07,4.558513e-06,0.39258232
103.8,-8.3283472e-07,4.4752295e-06,0.39258277
103.9,-8.3783661e-07,4.3914458e-06,0.39258321
104,-8.4155525e-07,4.3072903e-06,0.39258364
104.1,-8.4401213e-07,4.2228891e-06,0.39258406
104.2,-8.4523023e-07,4.1383661e-06,0.39258448
104.3,-8.4523395e-07,4.0538427e-06,0.39258488
104.4,-8.4404905e-07,3.9694378e-06,0.39258528
104.5,-8.4170258e-07,3.8852675e-06,0.39258567
104.6,-8.3822279e-07,3.8014453e-06,0.39258605
104.7,-8.3363909e-07,3.7180813e-06,0.39258642
104.8,-8.2798197e-07,3.6352831e-06,0.39258678
104.9,-8.2128292e-07,3.5531549e-06,0.39258714
105,-8.1357436e-07,3.4717974e-06,0.39258749
105.1,-8.0488959e-07,3.3913085e-06,0.39258783
105.2,-7.9526269e-07,3.3117822e-06,0.39258816
105.3,-7.8472848e-07,3.2333093e-06,0.39258848
105.4,-7.7332242e-07,3.1559771e-06,0.3925888
105.5,-7.6108058e-07,3.079869e-06,0.3925891
105.6,-7.4803954e-07,3.0050651e-06,0.3925894
105.7,-7.3423631e-07,2.9316415e-06,0.3925897
105.8,-7.1970831e-07,2.8596706e-06,0.39258998
105.9,-7.0449329e-07,2.7892213e-06,0.39259026
106,-6.8862921e-07,2.7203584e-06,0.39259053
106.1,-6.7215425e-07,2.6531429e-06,0.3925908
106.2,-6.5510671e-07,2.5876323e-06,0.39259106
106.3,-6.3752496e-07,2.5238798e-06,0.39259131
106.4,-6.1944737e-07,2.461935e-06,0.39259156
106.5,-6.0091223e-07,2.4018438e-06,0.3925918
106.6,-5.8195776e-07,2.343648e-06,0.39259203
106.7,-5.6262197e-07,2.2873858e-06,0.39259226
106.8,-5.4294266e-07,2.2330916e-06,0.39259248
106.9,-5.2295736e-07,2.1807958e-06,0.3925927
107,-5.0270326e-07,2.1305255e-06,0.39259291
107.1,-4.8221715e-07,2.0823038e-06,0.39259312
107.2,-4.6153542e-07,2.0361503e-06,0.39259333
107.3,-4.4069396e-07,1.9920809e-06,0.39259353
107.4,-4.1972815e-07,1.9501081e-06,0.39259372
107.5,-3.986728e-07,1.9102408e-06,0.39259391
107.6,-3.7756211e-07,1.8724846e-06,0.3925941
107.7,-3.5642963e-07,1.8368416e-06,0.39259428
107.8,-3.3530822e-07,1.8033108e-06,0.39259446
107.9,-3.1423005e-07,1.7718878e-06,0.39259464
108,-2.9322648e-07,1.7425651e-06,0.39259481
108.1,-2.7232813e-07,1.7153323e-06,0.39259499
108.2,-2.5156477e-07,1.6901758e-06,0.39259515
108.3,-2.3096533e-07,1.6670793e-06,0.39259532
108.4,-2.1055789e-07,1.6460235e-06,0.39259549
108.5,-1.9036959e-07,1.6269866e-06,0.39259565
108.6,-1.7042668e-07,1.6099439e-06,0.39259581
108.7,-1.5075446e-07,1.5948684e-06,0.39259597
108.8,-1.3137726e-07,1.5817307e-06,0.39259613
108.9,-1.1231843e-07,1.5704989e-06,0.39259628
109,-9.3600361e-08,1.5611388e-06,0.39259644
109.1,-7.5244394e-08,1.5536144e-06,0.3925966
109.2,-5.7270873e-08,1.5478873e-06,0.39259675
109.3,-3.9699114e-08,1.5439174e-06,0.3925969
109.4,-2.2547395e-08,1.5416627e-06,0.39259706
109.5,-5.8329522e-09,1.5410794e-06,0.39259721
109.6,1.0428021e-08,1.5421222e-06,0.39259737
109.7,2.6220383e-08,1.5447442e-06,0.39259752
109.8,4.1530038e-08,1.5488972e-06,0.39259768
109.9,5.634394e-08,1.5545316e-06,0.39259783
110,7.065009e-08,1.5615966e-06,0.39259799
110.1,8.4437529e-08,1.5700404e-06,0.39259815
110.2,9.7696337e-08,1.57981e-06,0.3925983
110.3,1.1041762e-07,1.5908518e-06,0.39259846
110.4,1.2259352e-07,1.6031111e-06,0.39259862
110.5,1.3421716e-07,1.6165328e-06,0.39259878
110.6,1.4528269e-07,1.6310611e-06,0.39259895
110.7,1.5578525e-07,1.6466396e-06,0.39259911
110.8,1.6572094e-07,1.6632117e-06,0.39259928
110.9,1.7508682e-07,1.6807204e-06,0.39259945
111,1.838809e-07,1.6991085e-06,0.39259962
111.1,1.9210212e-07,1.7183187e-06,0.39259979
111.2,1.9975031e-07,1.7382937e-06,0.39259996
111.3,2.0682622e-07,1.7589764e-06,0.39260014
111.4,2.1333143e-07,1.7803095e-06,0.39260032
111.5,2.1926841e-07,1.8022363e-06,0.3926005
111.6,2.2464042e-07,1.8247004e-06,0.39260068
111.7,2.2945153e-07,1.8476455e-06,0.39260086
111.8,2.3370661e-07,1.8710162e-06,0.39260105
111.9,2.3741127e-07,1.8947573e-06,0.39260124
112,2.4057184e-07,1.9188145e-06,0.39260143
112.1,2.4319537e-07,1.943134e-06,0.39260163
112.2,2.4528958e-07,1.967663e-06,0.39260182
112.3,2.4686285e-07,1.9923493e-06,0.39260202
112.4,2.4792419e-07,2.0171417e-06,0.39260222
112.5,2.4848318e-07,2.04199e-06,0.39260243
112.6,2.4855e-07,2.066845e-06,0.39260263
112.7,2.4813536e-07,2.0916586e-06,0.39260284
112.8,2.4725049e-07,2.1163836e-06,0.39260306
112.9,2.4590709e-07,2.1409743e-06,0.39260327
113,2.4411733e-07,2.165386e-06,0.39260349
113.1,2.4189381e-07,2.1895754e-06,0.39260371
113.2,2.3924953e-07,2.2135004e-06,0.39260393
113.3,2.3619785e-07,2.2371202e-06,0.39260415
113.4,2.3275248e-07,2.2603954e-06,0.39260438
113.5,2.2892745e-07,2.2832882e-06,0.3926046
113.6,2.2473706e-07,2.3057619e-06,0.39260484
113.7,2.2019588e-07,2.3277815e-06,0.39260507
113.8,2.153187e-07,2.3493133e-06,0.3926053
113.9,2.1012052e-07,2.3703254e-06,0.39260554
114,2.0461652e-07,2.390787e-06,0.39260578
114.1,1.98822e-07,2.4106692e-06,0.39260602
114.2,1.927524e-07,2.4299445e-06,0.39260626
114.3,1.8642326e-07,2.4485868e-06,0.39260651
114.4,1.7985017e-07,2.4665718e-06,0.39260675
114.5,1.7304878e-07,2.4838767e-06,0.392607
114.6,1.6603472e-07,2.5004802e-06,0.39260725
114.7,1.5882367e-07,2.5163625e-06,0.3926075
114.8,1.5143122e-07,2.5315057e-06,0.39260776
114.9,1.4387294e-07,2.5458929e-06,0.39260801
115,1.3616432e-07,2.5595094e-06,0.39260827
115.1,1.2832074e-07,2.5723415e-06,0.39260853
115.2,1.2035745e-07,2.5843772e-06,0.39260878
115.3,1.1228957e-07,2.5956062e-06,0.39260904
115.4,1.0413206e-07,2.6060194e-06,0.3926093
115.5,9.5899686e-08,2.6156093e-06,0.39260957
115.6,8.7607017e-08,2.62437e-06,0.39260983
115.7,7.92684e-08,2.6322969e-06,0.39261009
115.8,7.0897948e-08,2.6393867e-06,0.39261036
115.9,6.2509516e-08,2.6456376e-06,0.39261062
116,5.4116691e-08,2.6510493e-06,0.39261089
116.1,4.5732774e-08,2.6556226e-06,0.39261115
116.2,3.7370764e-08,2.6593596e-06,0.39261142
116.3,2.904335e-08,2.662264e-06,0.39261168
116.4,2.0762892e-08,2.6643403e-06,0.39261195
116.5,1.2541412e-08,2.6655944e-06,0.39261222
116.6,4.3905826e-09,2.6660335e-06,0.39261248
116.7,-3.6782843e-09,2.6656656e-06,0.39261275
116.8,-1.1654247e-08,2.6645002e-06,0.39261302
116.9,-1.9526743e-08,2.6625475e-06,0.39261328
117,-2.7285598e-08,2.659819e-06,0.39261355
117.1,-3.492103e-08,2.6563269e-06,0.39261381
117.2,-4.2423661e-08,2.6520845e-06,0.39261408
117.3,-4.978452e-08,2.6471061e-06,0.39261434
117.4,-5.6995046e-08,2.6414065e-06,0.39261461
117.5,-6.4047098e-08,2.6350018e-06,0.39261487
117.6,-7.0932953e-08,2.6279085e-06,0.39261513
117.7,-7.7645314e-08,2.620144e-06,0.3926154
117.8,-8.4177306e-08,2.6117263e-06,0.39261566
117.9,-9.0522484e-08,2.602674e-06,0.39261592
118,-9.667483e-08,2.5930066e-06,0.39261618
118.1,-1.0262875e-07,2.5827437e-06,0.39261643
118.2,-1.0837909e-07,2.5719058e-06,0.39261669
118.3,-1.1392111e-07,2.5605137e-06,0.39261695
118.4,-1.1925049e-07,2.5485886e-06,0.3926172
118.5,-1.2436335e-07,2.5361523e-06,0.39261746
118.6,-1.2925622e-07,2.5232266e-06,0.39261771
118.7,-1.3392603e-07,2.509834e-06,0.39261796
118.8,-1.3837014e-07,2.495997e-06,0.39261821
118.9,-1.4258633e-07,2.4817384e-06,0.39261846
119,-1.4657274e-07,2.4670811e-06,0.3926187
119.1,-1.5032793e-07,2.4520483e-06,0.39261895
119.2,-1.5385086e-07,2.4366632e-06,0.39261919
119.3,-1.5714086e-07,2.4209492e-06,0.39261944
119.4,-1.6019762e-07,2.4049294e-06,0.39261968
119.5,-1.6302122e-07,2.3886273e-06,0.39261991
119.6,-1.6561208e-07,2.3720661e-06,0.39262015
119.7,-1.6797101e-07,2.355269e-06,0.39262039
119.8,-1.7009911e-07,2.3382591e-06,0.39262062
119.9,-1.7199785e-07,2.3210593e-06,0.39262085
120,-1.7366901e-07,2.3036924e-06,0.39262108
120.1,-1.7511469e-07,2.2861809e-06,0.39262131
120.2,-1.7633728e-07,2.2685472e-06,0.39262154
120.3,-1.7733949e-07,2.2508132e-06,0.39262176
120.4,-1.7812428e-07,2.2330008e-06,0.39262199
120.5,-1.7869492e-07,2.2151313e-06,0.39262221
120.6,-1.7905492e-07,2.1972258e-06,0.39262243
120.7,-1.7920804e-07,2.179305e-06,0.39262265
120.8,-1.7915827e-07,2.1613892e-06,0.39262286
120.9,-1.7890987e-07,2.1434982e-06,0.39262308
121,-1.7846726e-07,2.1256515e-06,0.39262329
121.1,-1.7783512e-07,2.107868e-06,0.3926235
121.2,-1.7701828e-07,2.0901661e-06,0.39262371
121.3,-1.7602177e-07,2.072564e-06,0.39262392
121.4,-1.7485081e-07,2.0550789e-06,0.39262412
121.5,-1.7351073e-07,2.0377278e-06,0.39262433
121.6,-1.7200706e-07,2.0205271e-06,0.39262453
121.7,-1.7034543e-07,2.0034925e-06,0.39262473
121.8,-1.685316e-07,1.9866394e-06,0.39262493
121.9,-1.6657146e-07,1.9699822e-06,0.39262512
122,-1.6447098e-07,1.9535351e-06,0.39262532
122.1,-1.6223623e-07,1.9373115e-06,0.39262551
122.2,-1.5987336e-07,1.9213242e-06,0.39262571
122.3,-1.5738856e-07,1.9055853e-06,0.3926259
122.4,-1.5478812e-07,1.8901065e-06,0.39262608
122.5,-1.5207834e-07,1.8748987e-06,0.39262627
122.6,-1.4926558e-07,1.8599721e-06,0.39262646
122.7,-1.4635619e-07,1.8453365e-06,0.39262664
122.8,-1.4335656e-07,1.8310009e-06,0.39262683
122.9,-1.4027308e-07,1.8169735e-06,0.39262701
123,-1.3711212e-07,1.8032623e-06,0.39262719
123.1,-1.3388006e-07,1.7898743e-06,0.39262737
123.2,-1.3058321e-07,1.776816e-06,0.39262754
123.3,-1.272279e-07,1.7640932e-06,0.39262772
123.4,-1.2382036e-07,1.7517112e-06,0.3926279
123.5,-1.2036681e-07,1.7396745e-06,0.39262807
123.6,-1.1687338e-07,1.7279872e-06,0.39262824
123.7,-1.1334615e-07,1.7166525e-06,0.39262841
123.8,-1.0979112e-07,1.7056734e-06,0.39262859
123.9,-1.0621419e-07,1.695052e-06,0.39262875
124,-1.0262117e-07,1.6847899e-06,0.39262892
124.1,-9.901779e-08,1.6748881e-06,0.39262909
124.2,-9.5409656e-08,1.6653472e-06,0.39262926
124.3,-9.1802267e-08,1.6561669e-06,0.39262942
124.4,-8.8201001e-08,1.6473468e-06,0.39262959
124.5,-8.4611115e-08,1.6388857e-06,0.39262975
124.6,-8.1037733e-08,1.6307819e-06,0.39262991
124.7,-7.7485845e-08,1.6230334e-06,0.39263008
124.8,-7.3960301e-08,1.6156373e-06,0.39263024
124.9,-7.0465807e-08,1.6085907e-06,0.3926304
125,-6.700692e-08,1.6018901e-06,0.39263056
125.1,-6.3588045e-08,1.5955312e-06,0.39263072
125.2,-6.0213431e-08,1.5895099e-06,0.39263088
125.3,-5.6887167e-08,1.5838212e-06,0.39263104
125.4,-5.361318e-08,1.5784599e-06,0.39263119
125.5,-5.0395233e-08,1.5734203e-06,0.39263135
125.6,-4.7236923e-08,1.5686967e-06,0.39263151
125.7,-4.4141675e-08,1.5642825e-06,0.39263166
125.8,-4.1112746e-08,1.5601712e-06,0.39263182
125.9,-3.815322e-08,1.5563559e-06,0.39263198
126,-3.5266008e-08,1.5528293e-06,0.39263213
126.1,-3.2453847e-08,1.5495839e-06,0.39263229
126.2,-2.97193e-08,1.546612e-06,0.39263244
126.3,-2.7064755e-08,1.5439055e-06,0.3926326
126.4,-2.4492426e-08,1.5414563e-06,0.39263275
126.5,-2.2004352e-08,1.5392558e-06,0.3926329
126.6,-1.96024e-08,1.5372956e-06,0.39263306
126.7,-1.7288261e-08,1.5355668e-06,0.39263321
126.8,-1.5063458e-08,1.5340604e-06,0.39263336
126.9,-1.2929341e-08,1.5327675e-06,0.39263352
127,-1.0887093e-08,1.5316788e-06,0.39263367
127.1,-8.9377276e-09,1.530785e-06,0.39263382
127.2,-7.0820962e-09,1.5300768e-06,0.39263398
127.3,-5.320886e-09,1.5295447e-06,0.39263413
127.4,-3.6546238e-09,1.5291792e-06,0.39263428
127.5,-2.0836789e-09,1.5289709e-06,0.39263444
127.6,-6.0826589e-10,1.52891e-06,0.39263459
127.7,7.7155279e-10,1.5289872e-06,0.39263474
127.8,2.0558635e-09,1.5291928e-06,0.39263489
127.9,3.2448977e-09,1.5295173e-06,0.39263505
128,4.3390292e-09,1.5299512e-06,0.3926352
128.1,5.3387696e-09,1.530485e-06,0.39263535
128.2,6.2447653e-09,1.5311095e-06,0.39263551
128.3,7.0577938e-09,1.5318153e-06,0.39263566
128.4,7.7787586e-09,1.5325932e-06,0.39263581
128.5,8.4086862e-09,1.5334341e-06,0.39263597
128.6,8.9487208e-09,1.5343289e-06,0.39263612
128.7,9.4001216e-09,1.5352689e-06,0.39263627
128.8,9.7642566e-09,1.5362454e-06,0.39263643
128.9,1.0042599e-08,1.5372496e-06,0.39263658
129,1.0236724e-08,1.5382733e-06,0.39263673
129.1,1.03483e-08,1.5393081e-06,0.39263689
129.2,1.0379089e-08,1.540346e-06,0.39263704
129.3,1.033094e-08,1.5413791e-06,0.3926372
129.4,1.0205782e-08,1.5423997e-06,0.39263735
129.5,1.0005624e-08,1.5434003e-06,0.39263751
129.6,9.7325438e-09,1.5443735e-06,0.39263766
129.7,9.3886903e-09,1.5453124e-06,0.39263781
129.8,8.9762737e-09,1.54621e-06,0.39263797
129.9,8.4975626e-09,1.5470598e-06,0.39263812
130,7.9548792e-09,1.5478553e-06,0.39263828
130.1,7.3505939e-09,1.5485903e-06,0.39263843
130.2,6.6871217e-09,1.549259e-06,0.39263859
130.3,5.9669164e-09,1.5498557e-06,0.39263874
130.4,5.1924667e-09,1.550375e-06,0.3926389
130.5,4.3662911e-09,1.5508116e-06,0.39263905
130.6,3.4909341e-09,1.5511607e-06,0.39263921
130.7,2.5689606e-09,1.5514176e-06,0.39263936
130.8,1.6029527e-09,1.5515779e-06,0.39263952
130.9,5.9550421e-10,1.5516374e-06,0.39263967
131,-4.507825e-10,1.5515924e-06,0.39263983
131.1,-1.5333017e-09,1.551439e-06,0.39263998
131.2,-2.6494478e-09,1.5511741e-06,0.39264014
131.3,-3.7966196e-09,1.5507944e-06,0.39264029
131.4,-4.972224e-09,1.5502972e-06,0.39264045
131.5,-6.1736803e-09,1.5496798e-06,0.3926406
131.6,-7.3984231e-09,1.54894e-06,0.39264076
131.7,-8.6439071e-09,1.5480756e-06,0.39264091
131.8,-9.9076095e-09,1.5470848e-06,0.39264107
131.9,-1.1187034e-08,1.5459661e-06,0.39264122
132,-1.2479714e-08,1.5447182e-06,0.39264138
132.1,-1.3783216e-08,1.5433398e-06,0.39264153
132.2,-1.5095142e-08,1.5418303e-06,0.39264169
132.3,-1.6413133e-08,1.540189e-06,0.39264184
132.4,-1.7734872e-08,1.5384155e-06,0.39264199
132.5,-1.9058085e-08,1.5365097e-06,0.39264215
132.6,-2.0380546e-08,1.5344717e-06,0.3926423
132.7,-2.1700079e-08,1.5323017e-06,0.39264245
132.8,-2.3014559e-08,1.5300002e-06,0.39264261
132.9,-2.4321914e-08,1.527568e-06,0.39264276
133,-2.5620129e-08,1.525006e-06,0.39264291
133.1,-2.6907246e-08,1.5223153e-06,0.39264306
133.2,-2.8181367e-08,1.5194971e-06,0.39264322
133.3,-2.9440655e-08,1.5165531e-06,0.39264337
133.4,-3.0683336e-08,1.5134847e-06,0.39264352
133.5,-3.19077e-08,1.510294e-06,0.39264367
133.6,-3.3112103e-08,1.5069828e-06,0.39264382
133.7,-3.4294966e-08,1.5035533e-06,0.39264397
133.8,-3.5454779e-08,1.5000078e-06,0.39264412
133.9,-3.6590101e-08,1.4963488e-06,0.39264427
134,-3.7699557e-08,1.4925788e-06,0.39264442
134.1,-3.8781846e-08,1.4887006e-06,0.39264457
134.2,-3.9835735e-08,1.4847171e-06,0.39264472
134.3,-4.0860061e-08,1.480631e-06,0.39264487
134.4,-4.1853734e-08,1.4764457e-06,0.39264501
134.5,-4.2815735e-08,1.4721641e-06,0.39264516
134.6,-4.3745115e-08,1.4677896e-06,0.39264531
134.7,-4.4640997e-08,1.4633255e-06,0.39264545
134.8,-4.5502574e-08,1.4587752e-06,0.3926456
134.9,-4.6329111e-08,1.4541423e-06,0.39264575
135,-4.7119943e-08,1.4494303e-06,0.39264589
135.1,-4.7874475e-08,1.4446429e-06,0.39264603
135.2,-4.859218e-08,1.4397837e-06,0.39264618
135.3,-4.9272602e-08,1.4348564e-06,0.39264632
135.4,-4.9915349e-08,1.4298649e-06,0.39264647
135.5,-5.0520101e-08,1.4248129e-06,0.39264661
135.6,-5.10866e-08,1.4197042e-06,0.39264675
135.7,-5.1614655e-08,1.4145427e-06,0.39264689
135.8,-5.2104138e-08,1.4093323e-06,0.39264703
135.9,-5.2554985e-08,1.4040768e-06,0.39264717
136,-5.2967191e-08,1.3987801e-06,0.39264731
136.1,-5.3340814e-08,1.393446e-06,0.39264745
136.2,-5.3675969e-08,1.3880784e-06,0.39264759
136.3,-5.397283e-08,1.3826811e-06,0.39264773
136.4,-5.4231624e-08,1.377258e-06,0.39264787
136.5,-5.4452636e-08,1.3718127e-06,0.392648
136.6,-5.46362e-08,1.3663491e-06,0.39264814
136.7,-5.4782704e-08,1.3608708e-06,0.39264828
136.8,-5.4892585e-08,1.3553816e-06,0.39264841
136.9,-5.4966325e-08,1.3498849e-06,0.39264855
137,-5.5004454e-08,1.3443845e-06,0.39264868
137.1,-5.5007547e-08,1.3388837e-06,0.39264882
137.2,-5.4976218e-08,1.3333861e-06,0.39264895
137.3,-5.4911125e-08,1.327895e-06,0.39264908
137.4,-5.4812963e-08,1.3224137e-06,0.39264921
137.5,-5.4682461e-08,1.3169455e-06,0.39264935
137.6,-5.4520387e-08,1.3114934e-06,0.39264948
137.7,-5.4327538e-08,1.3060607e-06,0.39264961
137.8,-5.4104745e-08,1.3006502e-06,0.39264974
137.9,-5.3852866e-08,1.2952649e-06,0.39264987
138,-5.3572785e-08,1.2899076e-06,0.39265
138.1,-5.3265414e-08,1.2845811e-06,0.39265012
138.2,-5.2931684e-08,1.2792879e-06,0.39265025
138.3,-5.2572551e-08,1.2740307e-06,0.39265038
138.4,-5.2188987e-08,1.2688118e-06,0.39265051
138.5,-5.1781983e-08,1.2636336e-06,0.39265063
138.6,-5.1352545e-08,1.2584983e-06,0.39265076
138.7,-5.0901692e-08,1.2534081e-06,0.39265088
138.8,-5.0430455e-08,1.2483651e-06,0.39265101
138.9,-4.9939874e-08,1.2433711e-06,0.39265113
139,-4.9430999e-08,1.238428e-06,0.39265126
139.1,-4.8904882e-08,1.2335375e-06,0.39265138
139.2,-4.8362584e-08,1.2287013e-06,0.3926515
139.3,-4.7805166e-08,1.2239207e-06,0.39265163
139.4,-4.723369e-08,1.2191974e-06,0.39265175
139.5,-4.6649218e-08,1.2145324e-06,0.39265187
139.6,-4.6052809e-08,1.2099272e-06,0.39265199
139.7,-4.5445518e-08,1.2053826e-06,0.39265211
139.8,-4.4828396e-08,1.2008998e-06,0.39265223
139.9,-4.4202485e-08,1.1964795e-06,0.39265235
140,-4.3568819e-08,1.1921226e-06,0.39265247
140.1,-4.2928424e-08,1.1878298e-06,0.39265259
140.2,-4.2282311e-08,1.1836016e-06,0.39265271
140.3,-4.1631482e-08,1.1794384e-06,0.39265282
140.4,-4.0976924e-08,1.1753407e-06,0.39265294
140.5,-4.0319607e-08,1.1713088e-06,0.39265306
140.6,-3.9660488e-08,1.1673427e-06,0.39265318
140.7,-3.9000503e-08,1.1634427e-06,0.39265329
140.8,-3.8340573e-08,1.1596086e-06,0.39265341
140.9,-3.7681598e-08,1.1558405e-06,0.39265352
141,-3.7024456e-08,1.152138e-06,0.39265364
141.1,-3.6370007e-08,1.148501e-06,0.39265375
141.2,-3.5719084e-08,1.1449291e-06,0.39265387
141.3,-3.5072502e-08,1.1414219e-06,0.39265398
141.4,-3.4431049e-08,1.1379787e-06,0.3926541
141.5,-3.379549e-08,1.1345992e-06,0.39265421
141.6,-3.3166562e-08,1.1312825e-06,0.39265432
141.7,-3.254498e-08,1.128028e-06,0.39265444
141.8,-3.193143e-08,1.1248349e-06,0.39265455
141.9,-3.1326572e-08,1.1217022e-06,0.39265466
142,-3.0731039e-08,1.1186291e-06,0.39265477
142.1,-3.0145436e-08,1.1156146e-06,0.39265488
142.2,-2.9570339e-08,1.1126576e-06,0.392655
142.3,-2.9006298e-08,1.1097569e-06,0.39265511
142.4,-2.8453832e-08,1.1069115e-06,0.39265522
142.5,-2.7913432e-08,1.1041202e-06,0.39265533
142.6,-2.7385561e-08,1.1013816e-06,0.39265544
142.7,-2.6870652e-08,1.0986946e-06,0.39265555
142.8,-2.636911e-08,1.0960577e-06,0.39265566
142.9,-2.5881308e-08,1.0934695e-06,0.39265577
143,-2.5407595e-08,1.0909288e-06,0.39265588
143.1,-2.4948286e-08,1.088434e-06,0.39265598
143.2,-2.4503671e-08,1.0859836e-06,0.39265609
143.3,-2.4074009e-08,1.0835762e-06,0.3926562
143.4,-2.3659532e-08,1.0812102e-06,0.39265631
143.5,-2.3260443e-08,1.0788842e-06,0.39265642
143.6,-2.2876917e-08,1.0765965e-06,0.39265652
143.7,-2.2509102e-08,1.0743456e-06,0.39265663
143.8,-2.2157119e-08,1.0721299e-06,0.39265674
143.9,-2.1821062e-08,1.0699478e-06,0.39265685
144,-2.1500998e-08,1.0677977e-06,0.39265695
144.1,-2.1196969e-08,1.065678e-06,0.39265706
144.2,-2.090899e-08,1.0635871e-06,0.39265717
144.3,-2.0637055e-08,1.0615234e-06,0.39265727
144.4,-2.0381128e-08,1.0594853e-06,0.39265738
144.5,-2.0141155e-08,1.0574711e-06,0.39265748
144.6,-1.9917054e-08,1.0554794e-06,0.39265759
144.7,-1.9708723e-08,1.0535086e-06,0.39265769
144.8,-1.9516037e-08,1.051557e-06,0.3926578
144.9,-1.9338852e-08,1.0496231e-06,0.3926579
145,-1.9177001e-08,1.0477054e-06,0.39265801
145.1,-1.9030298e-08,1.0458023e-06,0.39265811
145.2,-1.8898537e-08,1.0439125e-06,0.39265822
145.3,-1.8781495e-08,1.0420343e-06,0.39265832
145.4,-1.867893e-08,1.0401664e-06,0.39265843
145.5,-1.8590585e-08,1.0383074e-06,0.39265853
145.6,-1.8516185e-08,1.0364558e-06,0.39265863
145.7,-1.845544e-08,1.0346102e-06,0.39265874
145.8,-1.8408045e-08,1.0327694e-06,0.39265884
145.9,-1.8373682e-08,1.0309321e-06,0.39265894
146,-1.835202e-08,1.0290968e-06,0.39265905
146.1,-1.8342716e-08,1.0272626e-06,0.39265915
146.2,-1.8345413e-08,1.025428e-06,0.39265925
146.3,-1.8359747e-08,1.0235921e-06,0.39265935
146.4,-1.8385342e-08,1.0217535e-06,0.39265946
146.5,-1.8421813e-08,1.0199113e-06,0.39265956
146.6,-1.8468767e-08,1.0180645e-06,0.39265966
146.7,-1.8525803e-08,1.0162119e-06,0.39265976
146.8,-1.8592515e-08,1.0143526e-06,0.39265986
146.9,-1.8668489e-08,1.0124858e-06,0.39265997
147,-1.8753307e-08,1.0106105e-06,0.39266007
147.1,-1.8846546e-08,1.0087258e-06,0.39266017
147.2,-1.894778e-08,1.006831e-06,0.39266027
147.3,-1.9056578e-08,1.0049254e-06,0.39266037
147.4,-1.917251e-08,1.0030081e-06,0.39266047
147.5,-1.9295142e-08,1.0010786e-06,0.39266057
147.6,-1.9424041e-08,9.991362e-07,0.39266067
147.7,-1.9558772e-08,9.9718032e-07,0.39266077
147.8,-1.9698901e-08,9.9521043e-07,0.39266087
147.9,-1.9843997e-08,9.9322603e-07,0.39266097
148,-1.999363e-08,9.9122667e-07,0.39266107
148.1,-2.014737e-08,9.8921193e-07,0.39266117
148.2,-2.0304793e-08,9.8718145e-07,0.39266126
148.3,-2.0465478e-08,9.851349e-07,0.39266136
148.4,-2.0629009e-08,9.83072e-07,0.39266146
148.5,-2.0794973e-08,9.8099251e-07,0.39266156
148.6,-2.0962962e-08,9.7889621e-07,0.39266166
148.7,-2.1132577e-08,9.7678295e-07,0.39266175
148.8,-2.1303423e-08,9.7465261e-07,0.39266185
148.9,-2.1475112e-08,9.725051e-07,0.39266195
149,-2.1647263e-08,9.7034037e-07,0.39266205
149.1,-2.1819503e-08,9.6815842e-07,0.39266214
149.2,-2.1991469e-08,9.6595928e-07,0.39266224
149.3,-2.2162804e-08,9.6374299e-07,0.39266234
149.4,-2.233316e-08,9.6150968e-07,0.39266243
149.5,-2.25022e-08,9.5925946e-07,0.39266253
149.6,-2.2669594e-08,9.569925e-07,0.39266262
149.7,-2.2835025e-08,9.54709e-07,0.39266272
149.8,-2.2998183e-08,9.5240918e-07,0.39266281
149.9,-2.3158771e-08,9.500933e-07,0.39266291
150,-2.3316501e-08,9.4776165e-07,0.392663
150.1,-2.3471096e-08,9.4541454e-07,0.3926631
150.2,-2.362229e-08,9.4305231e-07,0.39266319
150.3,-2.3769829e-08,9.4067533e-07,0.39266329
150.4,-2.3913471e-08,9.3828398e-07,0.39266338
150.5,-2.4052982e-08,9.3587868e-07,0.39266347
150.6,-2.4188144e-08,9.3345987e-07,0.39266357
150.7,-2.4318747e-08,9.31028e-07,0.39266366
150.8,-2.4444596e-08,9.2858354e-07,0.39266375
150.9,-2.4565506e-08,9.2612699e-07,0.39266385
151,-2.4681303e-08,9.2365886e-07,0.39266394
151.1,-2.4791826e-08,9.2117967e-07,0.39266403
151.2,-2.4896927e-08,9.1868998e-07,0.39266412
151.3,-2.4996467e-08,9.1619033e-07,0.39266421
151.4,-2.5090322e-08,9.136813e-07,0.39266431
151.5,-2.5178378e-08,9.1116346e-07,0.3926644
151.6,-2.5260531e-08,9.0863741e-07,0.39266449
151.7,-2.5336692e-08,9.0610374e-07,0.39266458
151.8,-2.5406781e-08,9.0356306e-07,0.39266467
151.9,-2.5470731e-08,9.0101599e-07,0.39266476
152,-2.5528484e-08,8.9846314e-07,0.39266485
152.1,-2.5579995e-08,8.9590514e-07,0.39266494
152.2,-2.5625229e-08,8.9334262e-07,0.39266503
152.3,-2.5664163e-08,8.907762e-07,0.39266512
152.4,-2.5696781e-08,8.8820652e-07,0.39266521
152.5,-2.5723082e-08,8.8563422e-07,0.39266529
152.6,-2.5743071e-08,8.8305991e-07,0.39266538
152.7,-2.5756765e-08,8.8048423e-07,0.39266547
152.8,-2.5764191e-08,8.7790781e-07,0.39266556
152.9,-2.5765384e-08,8.7533128e-07,0.39266565
153,-2.5760388e-08,8.7275524e-07,0.39266573
153.1,-2.5749257e-08,8.7018031e-07,0.39266582
153.2,-2.5732053e-08,8.6760711e-07,0.39266591
153.3,-2.5708847e-08,8.6503622e-07,0.39266599
153.4,-2.5679716e-08,8.6246825e-07,0.39266608
153.5,-2.5644747e-08,8.5990377e-07,0.39266617
153.6,-2.5604033e-08,8.5734337e-07,0.39266625
153.7,-2.5557675e-08,8.547876e-07,0.39266634
153.8,-2.550578e-08,8.5223703e-07,0.39266642
153.9,-2.5448461e-08,8.4969218e-07,0.39266651
154,-2.5385839e-08,8.471536e-07,0.39266659
154.1,-2.531804e-08,8.4462179e-07,0.39266668
154.2,-2.5245194e-08,8.4209727e-07,0.39266676
154.3,-2.5167439e-08,8.3958053e-07,0.39266684
154.4,-2.5084915e-08,8.3707204e-07,0.39266693
154.5,-2.499777e-08,8.3457226e-07,0.39266701
154.6,-2.4906152e-08,8.3208164e-07,0.39266709
154.7,-2.4810216e-08,8.2960062e-07,0.39266718
154.8,-2.471012e-08,8.2712961e-07,0.39266726
154.9,-2.4606025e-08,8.2466901e-07,0.39266734
155,-2.4498094e-08,8.222192e-07,0.39266742
155.1,-2.4386495e-08,8.1978055e-07,0.39266751
155.2,-2.4271395e-08,8.1735341e-07,0.39266759
155.3,-2.4152967e-08,8.1493811e-07,0.39266767
155.4,-2.4031382e-08,8.1253498e-07,0.39266775
155.5,-2.3906814e-08,8.1014429e-07,0.39266783
155.6,-2.3779438e-08,8.0776635e-07,0.39266791
155.7,-2.364943e-08,8.0540141e-07,0.39266799
155.8,-2.3516967e-08,8.0304971e-07,0.39266807
155.9,-2.3382225e-08,8.0071149e-07,0.39266815
156,-2.3245381e-08,7.9838695e-07,0.39266823
156.1,-2.310661e-08,7.9607629e-07,0.39266831
156.2,-2.2966088e-08,7.9377968e-07,0.39266839
156.3,-2.282399e-08,7.9149728e-07,0.39266847
156.4,-2.2680489e-08,7.8922923e-07,0.39266855
156.5,-2.2535759e-08,7.8697566e-07,0.39266863
156.6,-2.2389969e-08,7.8473666e-07,0.39266871
156.7,-2.2243288e-08,7.8251233e-07,0.39266879
156.8,-2.2095883e-08,7.8030274e-07,0.39266886
156.9,-2.1947919e-08,7.7810795e-07,0.39266894
157,-2.1799557e-08,7.7592799e-07,0.39266902
157.1,-2.1650958e-08,7.737629e-07,0.3926691
157.2,-2.1502277e-08,7.7161267e-07,0.39266917
157.3,-2.1353668e-08,7.694773e-07,0.39266925
157.4,-2.1205282e-08,7.6735678e-07,0.39266933
157.5,-2.1057265e-08,7.6525105e-07,0.3926694
157.6,-2.0909762e-08,7.6316007e-07,0.39266948
157.7,-2.0762911e-08,7.6108378e-07,0.39266956
157.8,-2.0616849e-08,7.590221e-07,0.39266963
157.9,-2.0471707e-08,7.5697493e-07,0.39266971
158,-2.0327614e-08,7.5494217e-07,0.39266978
158.1,-2.0184693e-08,7.529237e-07,0.39266986
158.2,-2.0043064e-08,7.5091939e-07,0.39266993
158.3,-1.9902843e-08,7.4892911e-07,0.39267001
158.4,-1.9764139e-08,7.4695269e-07,0.39267008
158.5,-1.9627059e-08,7.4498999e-07,0.39267016
158.6,-1.9491704e-08,7.4304082e-07,0.39267023
158.7,-1.9358172e-08,7.41105e-07,0.39267031
158.8,-1.9226554e-08,7.3918234e-07,0.39267038
158.9,-1.9096939e-08,7.3727265e-07,0.39267045
159,-1.8969408e-08,7.3537571e-07,0.39267053
159.1,-1.884404e-08,7.334913e-07,0.3926706
159.2,-1.8720908e-08,7.3161921e-07,0.39267067
159.3,-1.8600079e-08,7.2975921e-07,0.39267075
159.4,-1.8481618e-08,7.2791104e-07,0.39267082
159.5,-1.8365583e-08,7.2607449e-07,0.39267089
159.6,-1.8252028e-08,7.2424928e-07,0.39267097
159.7,-1.8141001e-08,7.2243518e-07,0.39267104
159.8,-1.8032546e-08,7.2063193e-07,0.39267111
159.9,-1.7926704e-08,7.1883926e-07,0.39267118
160,-1.7823509e-08,7.1705691e-07,0.39267125
160.1,-1.7722991e-08,7.1528461e-07,0.39267132
160.2,-1.7625175e-08,7.1352209e-07,0.3926714
160.3,-1.7530083e-08,7.1176908e-07,0.39267147
160.4,-1.743773e-08,7.1002531e-07,0.39267154
160.5,-1.734813e-08,7.082905e-07,0.39267161
160.6,-1.7261289e-08,7.0656437e-07,0.39267168
160.7,-1.7177212e-08,7.0484665e-07,0.39267175
160.8,-1.7095897e-08,7.0313706e-07,0.39267182
160.9,-1.701734e-08,7.0143532e-07,0.39267189
161,-1.6941532e-08,6.9974117e-07,0.39267196
161.1,-1.686846e-08,6.9805432e-07,0.39267203
161.2,-1.6798108e-08,6.9637451e-07,0.3926721
161.3,-1.6730457e-08,6.9470147e-07,0.39267217
161.4,-1.6665482e-08,6.9303492e-07,0.39267224
161.5,-1.6603156e-08,6.913746e-07,0.39267231
161.6,-1.654345e-08,6.8972026e-07,0.39267238
161.7,-1.6486328e-08,6.8807162e-07,0.39267245
161.8,-1.6431755e-08,6.8642845e-07,0.39267251
161.9,-1.6379692e-08,6.8479048e-07,0.39267258
162,-1.6330094e-08,6.8315747e-07,0.39267265
162.1,-1.6282918e-08,6.8152918e-07,0.39267272
162.2,-1.6238115e-08,6.7990537e-07,0.39267279
162.3,-1.6195635e-08,6.782858e-07,0.39267286
162.4,-1.6155425e-08,6.7667026e-07,0.39267292
162.5,-1.6117431e-08,6.7505852e-07,0.39267299
162.6,-1.6081595e-08,6.7345036e-07,0.39267306
162.7,-1.6047859e-08,6.7184557e-07,0.39267313
162.8,-1.6016162e-08,6.7024396e-07,0.39267319
162.9,-1.5986442e-08,6.6864531e-07,0.39267326
163,-1.5958635e-08,6.6704945e-07,0.39267333
163.1,-1.5932674e-08,6.6545618e-07,0.39267339
163.2,-1.5908495e-08,6.6386533e-07,0.39267346
163.3,-1.5886029e-08,6.6227673e-07,0.39267352
163.4,-1.5865208e-08,6.6069021e-07,0.39267359
163.5,-1.5845961e-08,6.5910561e-07,0.39267366
163.6,-1.5828218e-08,6.5752279e-07,0.39267372
163.7,-1.5811909e-08,6.559416e-07,0.39267379
163.8,-1.5796961e-08,6.543619e-07,0.39267385
163.9,-1.5783303e-08,6.5278357e-07,0.39267392
164,-1.5770862e-08,6.5120649e-07,0.39267398
164.1,-1.5759566e-08,6.4963053e-07,0.39267405
164.2,-1.5749343e-08,6.480556e-07,0.39267411
164.3,-1.574012e-08,6.4648158e-07,0.39267418
164.4,-1.5731825e-08,6.449084e-07,0.39267424
164.5,-1.5724386e-08,6.4333596e-07,0.39267431
164.6,-1.5717731e-08,6.4176419e-07,0.39267437
164.7,-1.571179e-08,6.4019301e-07,0.39267444
164.8,-1.5706491e-08,6.3862236e-07,0.3926745
164.9,-1.5701766e-08,6.3705218e-07,0.39267456
165,-1.5697545e-08,6.3548243e-07,0.39267463
165.1,-1.5693759e-08,6.3391305e-07,0.39267469
165.2,-1.5690343e-08,6.3234402e-07,0.39267475
165.3,-1.5687229e-08,6.307753e-07,0.39267482
165.4,-1.5684352e-08,6.2920686e-07,0.39267488
165.5,-1.5681649e-08,6.276387e-07,0.39267494
165.6,-1.5679058e-08,6.2607079e-07,0.392675
165.7,-1.5676516e-08,6.2450314e-07,0.39267507
165.8,-1.5673964e-08,6.2293574e-07,0.39267513
165.9,-1.5671344e-08,6.2136861e-07,0.39267519
166,-1.5668599e-08,6.1980175e-07,0.39267525
166.1,-1.5665673e-08,6.1823518e-07,0.39267532
166.2,-1.5662513e-08,6.1666893e-07,0.39267538
166.3,-1.5659067e-08,6.1510302e-07,0.39267544
166.4,-1.5655285e-08,6.135375e-07,0.3926755
166.5,-1.5651118e-08,6.1197238e-07,0.39267556
166.6,-1.5646519e-08,6.1040773e-07,0.39267562
166.7,-1.5641444e-08,6.0884359e-07,0.39267568
166.8,-1.563585e-08,6.0728e-07,0.39267574
166.9,-1.5629694e-08,6.0571703e-07,0.3926758
167,-1.5622939e-08,6.0415474e-07,0.39267586
167.1,-1.5615547e-08,6.0259318e-07,0.39267592
167.2,-1.5607482e-08,6.0103244e-07,0.39267598
167.3,-1.5598711e-08,5.9947256e-07,0.39267604
167.4,-1.5589203e-08,5.9791364e-07,0.3926761
167.5,-1.5578929e-08,5.9635575e-07,0.39267616
167.6,-1.5567859e-08,5.9479897e-07,0.39267622
167.7,-1.5555971e-08,5.9324337e-07,0.39267628
167.8,-1.5543238e-08,5.9168904e-07,0.39267634
167.9,-1.5529641e-08,5.9013608e-07,0.3926764
168,-1.5515159e-08,5.8858456e-07,0.39267646
168.1,-1.5499775e-08,5.8703459e-07,0.39267652
168.2,-1.5483473e-08,5.8548624e-07,0.39267658
168.3,-1.5466239e-08,5.8393962e-07,0.39267664
168.4,-1.5448061e-08,5.8239481e-07,0.39267669
168.5,-1.5428929e-08,5.8085192e-07,0.39267675
168.6,-1.5408835e-08,5.7931103e-07,0.39267681
168.7,-1.5387772e-08,5.7777226e-07,0.39267687
168.8,-1.5365736e-08,5.7623568e-07,0.39267693
168.9,-1.5342724e-08,5.7470141e-07,0.39267698
169,-1.5318735e-08,5.7316954e-07,0.39267704
169.1,-1.5293769e-08,5.7164016e-07,0.3926771
169.2,-1.5267828e-08,5.7011338e-07,0.39267715
169.3,-1.5240916e-08,5.6858929e-07,0.39267721
169.4,-1.5213039e-08,5.6706798e-07,0.39267727
169.5,-1.5184203e-08,5.6554956e-07,0.39267732
169.6,-1.5154417e-08,5.6403412e-07,0.39267738
169.7,-1.512369e-08,5.6252175e-07,0.39267744
169.8,-1.5092034e-08,5.6101255e-07,0.39267749
169.9,-1.5059461e-08,5.595066e-07,0.39267755
170,-1.5025985e-08,5.58004e-07,0.39267761
170.1,-1.4991621e-08,5.5650484e-07,0.39267766
170.2,-1.4956385e-08,5.550092e-07,0.39267772
170.3,-1.4920296e-08,5.5351717e-07,0.39267777
170.4,-1.488337e-08,5.5202884e-07,0.39267783
170.5,-1.4845628e-08,5.5054427e-07,0.39267788
170.6,-1.480709e-08,5.4906356e-07,0.39267794
170.7,-1.4767778e-08,5.4758679e-07,0.39267799
170.8,-1.4727715e-08,5.4611401e-07,0.39267805
170.9,-1.4686922e-08,5.4464532e-07,0.3926781
171,-1.4645424e-08,5.4318078e-07,0.39267815
171.1,-1.4603247e-08,5.4172046e-07,0.39267821
171.2,-1.4560414e-08,5.4026441e-07,0.39267826
171.3,-1.4516952e-08,5.3881272e-07,0.39267832
171.4,-1.4472888e-08,5.3736543e-07,0.39267837
171.5,-1.4428249e-08,5.3592261e-07,0.39267842
171.6,-1.4383061e-08,5.344843e-07,0.39267848
171.7,-1.4337353e-08,5.3305056e-07,0.39267853
171.8,-1.4291153e-08,5.3162145e-07,0.39267858
171.9,-1.4244489e-08,5.30197e-07,0.39267864
172,-1.4197391e-08,5.2877726e-07,0.39267869
172.1,-1.4149886e-08,5.2736227e-07,0.39267874
172.2,-1.4102005e-08,5.2595207e-07,0.3926788
172.3,-1.4053775e-08,5.2454669e-07,0.39267885
172.4,-1.4005228e-08,5.2314617e-07,0.3926789
172.5,-1.3956391e-08,5.2175053e-07,0.39267895
172.6,-1.3907293e-08,5.203598e-07,0.392679
172.7,-1.3857965e-08,5.1897401e-07,0.39267906
172.8,-1.3808434e-08,5.1759316e-07,0.39267911
172.9,-1.375873e-08,5.1621729e-07,0.39267916
173,-1.3708881e-08,5.148464e-07,0.39267921
173.1,-1.3658916e-08,5.1348051e-07,0.39267926
173.2,-1.3608862e-08,5.1211962e-07,0.39267931
173.3,-1.3558747e-08,5.1076375e-07,0.39267936
173.4,-1.3508598e-08,5.0941289e-07,0.39267942
173.5,-1.3458443e-08,5.0806705e-07,0.39267947
173.6,-1.3408308e-08,5.0672621e-07,0.39267952
173.7,-1.3358218e-08,5.0539039e-07,0.39267957
173.8,-1.33082e-08,5.0405957e-07,0.39267962
173.9,-1.3258278e-08,5.0273374e-07,0.39267967
174,-1.3208477e-08,5.014129e-07,0.39267972
174.1,-1.315882e-08,5.0009701e-07,0.39267977
174.2,-1.3109332e-08,4.9878608e-07,0.39267982
174.3,-1.3060034e-08,4.9748008e-07,0.39267987
174.4,-1.3010948e-08,4.9617898e-07,0.39267992
174.5,-1.2962096e-08,4.9488277e-07,0.39267997
174.6,-1.2913498e-08,4.9359142e-07,0.39268002
174.7,-1.2865175e-08,4.9230491e-07,0.39268007
174.8,-1.2817144e-08,4.9102319e-07,0.39268012
174.9,-1.2769426e-08,4.8974625e-07,0.39268016
175,-1.2722037e-08,4.8847405e-07,0.39268021
175.1,-1.2674995e-08,4.8720655e-07,0.39268026
175.2,-1.2628316e-08,4.8594371e-07,0.39268031
175.3,-1.2582014e-08,4.8468551e-07,0.39268036
175.4,-1.2536105e-08,4.834319e-07,0.39268041
175.5,-1.2490603e-08,4.8218284e-07,0.39268046
175.6,-1.2445519e-08,4.8093829e-07,0.3926805
175.7,-1.2400868e-08,4.796982e-07,0.39268055
175.8,-1.2356659e-08,4.7846254e-07,0.3926806
175.9,-1.2312904e-08,4.7723125e-07,0.39268065
176,-1.2269612e-08,4.7600429e-07,0.39268069
176.1,-1.2226793e-08,4.7478161e-07,0.39268074
176.2,-1.2184454e-08,4.7356316e-07,0.39268079
176.3,-1.2142603e-08,4.723489e-07,0.39268084
176.4,-1.2101247e-08,4.7113878e-07,0.39268088
176.5,-1.2060391e-08,4.6993274e-07,0.39268093
176.6,-1.202004e-08,4.6873073e-07,0.39268098
176.7,-1.1980199e-08,4.6753271e-07,0.39268102
176.8,-1.1940871e-08,4.6633863e-07,0.39268107
176.9,-1.1902058e-08,4.6514842e-07,0.39268112
177,-1.1863764e-08,4.6396204e-07,0.39268116
177.1,-1.1825989e-08,4.6277945e-07,0.39268121
177.2,-1.1788734e-08,4.6160057e-07,0.39268126
177.3,-1.1751999e-08,4.6042537e-07,0.3926813
177.4,-1.1715783e-08,4.5925379e-07,0.39268135
177.5,-1.1680084e-08,4.5808579e-07,0.39268139
177.6,-1.16449e-08,4.569213e-07,0.39268144
177.7,-1.161023e-08,4.5576027e-07,0.39268149
177.8,-1.1576068e-08,4.5460267e-07,0.39268153
177.9,-1.1542412e-08,4.5344842e-07,0.39268158
178,-1.1509257e-08,4.522975e-07,0.39268162
178.1,-1.1476598e-08,4.5114984e-07,0.39268167
178.2,-1.1444429e-08,4.500054e-07,0.39268171
178.3,-1.1412744e-08,4.4886412e-07,0.39268176
178.4,-1.1381537e-08,4.4772597e-07,0.3926818
178.5,-1.1350799e-08,4.4659089e-07,0.39268185
178.6,-1.1320525e-08,4.4545884e-07,0.39268189
178.7,-1.1290705e-08,4.4432977e-07,0.39268193
178.8,-1.1261332e-08,4.4320363e-07,0.39268198
178.9,-1.1232396e-08,4.4208039e-07,0.39268202
179,-1.1203889e-08,4.4096e-07,0.39268207
179.1,-1.11758e-08,4.3984242e-07,0.39268211
179.2,-1.114812e-08,4.3872761e-07,0.39268216
179.3,-1.1120839e-08,4.3761553e-07,0.3926822
179.4,-1.1093946e-08,4.3650613e-07,0.39268224
179.5,-1.1067431e-08,4.3539939e-07,0.39268229
179.6,-1.1041282e-08,4.3429526e-07,0.39268233
179.7,-1.1015488e-08,4.3319371e-07,0.39268237
179.8,-1.0990039e-08,4.3209471e-07,0.39268242
179.9,-1.0964922e-08,4.3099822e-07,0.39268246
180,-1.0940126e-08,4.299042e-07,0.3926825
180.1,-1.0915639e-08,4.2881264e-07,0.39268255
180.2,-1.0891449e-08,4.277235e-07,0.39268259
180.3,-1.0867544e-08,4.2663674e-07,0.39268263
180.4,-1.0843912e-08,4.2555235e-07,0.39268267
180.5,-1.082054e-08,4.244703e-07,0.39268272
180.6,-1.0797417e-08,4.2339055e-07,0.39268276
180.7,-1.0774531e-08,4.223131e-07,0.3926828
180.8,-1.0751868e-08,4.2123791e-07,0.39268284
180.9,-1.0729417e-08,4.2016497e-07,0.39268288
181,-1.0707166e-08,4.1909426e-07,0.39268293
181.1,-1.0685103e-08,4.1802575e-07,0.39268297
181.2,-1.0663216e-08,4.1695942e-07,0.39268301
181.3,-1.0641492e-08,4.1589527e-07,0.39268305
181.4,-1.0619921e-08,4.1483328e-07,0.39268309
181.5,-1.059849e-08,4.1377343e-07,0.39268313
181.6,-1.0577188e-08,4.1271571e-07,0.39268318
181.7,-1.0556003e-08,4.1166011e-07,0.39268322
181.8,-1.0534925e-08,4.1060662e-07,0.39268326
181.9,-1.0513942e-08,4.0955523e-07,0.3926833
182,-1.0493043e-08,4.0850592e-07,0.39268334
182.1,-1.0472219e-08,4.074587e-07,0.39268338
182.2,-1.0451458e-08,4.0641356e-07,0.39268342
182.3,-1.043075e-08,4.0537048e-07,0.39268346
182.4,-1.0410086e-08,4.0432947e-07,0.3926835
182.5,-1.0389456e-08,4.0329053e-07,0.39268354
182.6,-1.036885e-08,4.0225364e-07,0.39268358
182.7,-1.0348259e-08,4.0121882e-07,0.39268362
182.8,-1.0327675e-08,4.0018605e-07,0.39268366
182.9,-1.0307088e-08,3.9915534e-07,0.3926837
183,-1.0286491e-08,3.9812669e-07,0.39268374
183.1,-1.0265876e-08,3.971001e-07,0.39268378
183.2,-1.0245235e-08,3.9607558e-07,0.39268382
183.3,-1.022456e-08,3.9505312e-07,0.39268386
183.4,-1.0203844e-08,3.9403274e-07,0.3926839
183.5,-1.0183082e-08,3.9301443e-07,0.39268394
183.6,-1.0162266e-08,3.919982e-07,0.39268398
183.7,-1.0141389e-08,3.9098407e-07,0.39268402
183.8,-1.0120448e-08,3.8997202e-07,0.39268406
183.9,-1.0099435e-08,3.8896208e-07,0.3926841
184,-1.0078346e-08,3.8795424e-07,0.39268413
184.1,-1.0057177e-08,3.8694852e-07,0.39268417
184.2,-1.0035922e-08,3.8594493e-07,0.39268421
184.3,-1.0014577e-08,3.8494347e-07,0.39268425
184.4,-9.9931394e-09,3.8394416e-07,0.39268429
184.5,-9.9716049e-09,3.82947e-07,0.39268433
184.6,-9.9499704e-09,3.81952e-07,0.39268437
184.7,-9.9282332e-09,3.8095918e-07,0.3926844
184.8,-9.9063907e-09,3.7996854e-07,0.39268444
184.9,-9.8844407e-09,3.789801e-07,0.39268448
185,-9.8623815e-09,3.7799386e-07,0.39268452
185.1,-9.8402113e-09,3.7700984e-07,0.39268455
185.2,-9.8179289e-09,3.7602804e-07,0.39268459
185.3,-9.7955334e-09,3.7504849e-07,0.39268463
185.4,-9.7730241e-09,3.7407119e-07,0.39268467
185.5,-9.7504007e-09,3.7309615e-07,0.3926847
185.6,-9.7276628e-09,3.7212338e-07,0.39268474
185.7,-9.7048107e-09,3.711529e-07,0.39268478
185.8,-9.6818449e-09,3.7018472e-07,0.39268482
185.9,-9.6587661e-09,3.6921884e-07,0.39268485
186,-9.6355754e-09,3.6825528e-07,0.39268489
186.1,-9.6122736e-09,3.6729406e-07,0.39268493
186.2,-9.5888624e-09,3.6633517e-07,0.39268496
186.3,-9.5653436e-09,3.6537863e-07,0.392685
186.4,-9.5417189e-09,3.6442446e-07,0.39268504
186.5,-9.5179906e-09,3.6347266e-07,0.39268507
186.6,-9.4941608e-09,3.6252325e-07,0.39268511
186.7,-9.4702323e-09,3.6157622e-07,0.39268514
186.8,-9.4462077e-09,3.606316e-07,0.39268518
186.9,-9.4220898e-09,3.5968939e-07,0.39268522
187,-9.397882e-09,3.5874961e-07,0.39268525
187.1,-9.3735872e-09,3.5781225e-07,0.39268529
187.2,-9.3492089e-09,3.5687733e-07,0.39268532
187.3,-9.3247509e-09,3.5594485e-07,0.39268536
187.4,-9.3002167e-09,3.5501483e-07,0.3926854
187.5,-9.2756101e-09,3.5408727e-07,0.39268543
187.6,-9.2509351e-09,3.5316218e-07,0.39268547
187.7,-9.2261959e-09,3.5223956e-07,0.3926855
187.8,-9.2013965e-09,3.5131942e-07,0.39268554
187.9,-9.1765413e-09,3.5040176e-07,0.39268557
188,-9.1516345e-09,3.494866e-07,0.39268561
188.1,-9.1266807e-09,3.4857393e-07,0.39268564
188.2,-9.1016843e-09,3.4766376e-07,0.39268568
188.3,-9.0766497e-09,3.467561e-07,0.39268571
188.4,-9.0515818e-09,3.4585094e-07,0.39268575
188.5,-9.0264852e-09,3.4494829e-07,0.39268578
188.6,-9.0013645e-09,3.4404815e-07,0.39268581
188.7,-8.9762245e-09,3.4315053e-07,0.39268585
188.8,-8.9510698e-09,3.4225542e-07,0.39268588
188.9,-8.9259051e-09,3.4136283e-07,0.39268592
189,-8.9007354e-09,3.4047276e-07,0.39268595
189.1,-8.8755653e-09,3.395852e-07,0.39268598
189.2,-8.8503997e-09,3.3870016e-07,0.39268602
189.3,-8.8252429e-09,3.3781764e-07,0.39268605
189.4,-8.8000999e-09,3.3693763e-07,0.39268609
189.5,-8.7749753e-09,3.3606013e-07,0.39268612
189.6,-8.7498737e-09,3.3518515e-07,0.39268615
189.7,-8.7247996e-09,3.3431267e-07,0.39268619
189.8,-8.6997577e-09,3.3344269e-07,0.39268622
189.9,-8.6747521e-09,3.3257521e-07,0.39268625
190,-8.6497874e-09,3.3171024e-07,0.39268629
190.1,-8.624868e-09,3.3084775e-07,0.39268632
190.2,-8.599998e-09,3.2998775e-07,0.39268635
190.3,-8.5751816e-09,3.2913023e-07,0.39268639
190.4,-8.5504229e-09,3.2827519e-07,0.39268642
190.5,-8.5257257e-09,3.2742262e-07,0.39268645
190.6,-8.5010942e-09,3.2657251e-07,0.39268648
190.7,-8.4765319e-09,3.2572485e-07,0.39268652
190.8,-8.4520427e-09,3.2487965e-07,0.39268655
190.9,-8.4276299e-09,3.2403689e-07,0.39268658
191,-8.4032972e-09,3.2319656e-07,0.39268661
191.1,-8.379048e-09,3.2235865e-07,0.39268665
191.2,-8.3548853e-09,3.2152316e-07,0.39268668
191.3,-8.3308122e-09,3.2069008e-07,0.39268671
191.4,-8.3068321e-09,3.198594e-07,0.39268674
191.5,-8.2829474e-09,3.190311e-07,0.39268677
191.6,-8.2591611e-09,3.1820519e-07,0.39268681
191.7,-8.2354757e-09,3.1738164e-07,0.39268684
191.8,-8.2118937e-09,3.1656045e-07,0.39268687
191.9,-8.1884175e-09,3.1574161e-07,0.3926869
192,-8.1650493e-09,3.149251e-07,0.39268693
192.1,-8.1417911e-09,3.1411092e-07,0.39268696
192.2,-8.1186452e-09,3.1329906e-07,0.39268699
192.3,-8.0956129e-09,3.124895e-07,0.39268703
192.4,-8.0726963e-09,3.1168223e-07,0.39268706
192.5,-8.0498969e-09,3.1087724e-07,0.39268709
192.6,-8.0272158e-09,3.1007452e-07,0.39268712
192.7,-8.0046548e-09,3.0927405e-07,0.39268715
192.8,-7.9822146e-09,3.0847583e-07,0.39268718
192.9,-7.9598965e-09,3.0767984e-07,0.39268721
193,-7.9377013e-09,3.0688607e-07,0.39268724
193.1,-7.9156298e-09,3.0609451e-07,0.39268727
193.2,-7.8936826e-09,3.0530514e-07,0.3926873
193.3,-7.8718602e-09,3.0451795e-07,0.39268733
193.4,-7.8501631e-09,3.0373294e-07,0.39268736
193.5,-7.8285914e-09,3.0295008e-07,0.39268739
193.6,-7.8071455e-09,3.0216936e-07,0.39268743
193.7,-7.785825e-09,3.0139078e-07,0.39268746
193.8,-7.7646303e-09,3.0061432e-07,0.39268749
193.9,-7.7435608e-09,2.9983996e-07,0.39268752
194,-7.7226164e-09,2.990677e-07,0.39268755
194.1,-7.7017967e-09,2.9829752e-07,0.39268758
194.2,-7.6811011e-09,2.9752941e-07,0.3926876
194.3,-7.6605289e-09,2.9676336e-07,0.39268763
194.4,-7.6400795e-09,2.9599935e-07,0.39268766
194.5,-7.619752e-09,2.9523738e-07,0.39268769
194.6,-7.5995455e-09,2.9447742e-07,0.39268772
194.7,-7.5794589e-09,2.9371947e-07,0.39268775
194.8,-7.5594914e-09,2.9296353e-07,0.39268778
194.9,-7.5396414e-09,2.9220956e-07,0.39268781
195,-7.5199079e-09,2.9145757e-07,0.39268784
195.1,-7.5002893e-09,2.9070754e-07,0.39268787
195.2,-7.4807846e-09,2.8995946e-07,0.3926879
195.3,-7.4613921e-09,2.8921332e-07,0.39268793
195.4,-7.4421102e-09,2.8846911e-07,0.39268796
195.5,-7.4229374e-09,2.8772682e-07,0.39268798
195.6,-7.4038718e-09,2.8698643e-07,0.39268801
195.7,-7.384912e-09,2.8624794e-07,0.39268804
195.8,-7.366056e-09,2.8551134e-07,0.39268807
195.9,-7.3473021e-09,2.847766e-07,0.3926881
196,-7.3286483e-09,2.8404374e-07,0.39268813
196.1,-7.3100928e-09,2.8331273e-07,0.39268816
196.2,-7.2916336e-09,2.8258357e-07,0.39268818
196.3,-7.2732687e-09,2.8185624e-07,0.39268821
196.4,-7.2549961e-09,2.8113074e-07,0.39268824
196.5,-7.2368139e-09,2.8040706e-07,0.39268827
196.6,-7.2187199e-09,2.7968519e-07,0.3926883
196.7,-7.200712e-09,2.7896512e-07,0.39268832
196.8,-7.1827882e-09,2.7824684e-07,0.39268835
196.9,-7.1649463e-09,2.7753034e-07,0.39268838
197,-7.1471843e-09,2.7681562e-07,0.39268841
197.1,-7.1294999e-09,2.7610267e-07,0.39268844
197.2,-7.1118912e-09,2.7539149e-07,0.39268846
197.3,-7.094356e-09,2.7468205e-07,0.39268849
197.4,-7.076892e-09,2.7397436e-07,0.39268852
197.5,-7.0594972e-09,2.7326841e-07,0.39268854
197.6,-7.0421697e-09,2.7256419e-07,0.39268857
197.7,-7.0249072e-09,2.718617e-07,0.3926886
197.8,-7.0077077e-09,2.7116093e-07,0.39268863
197.9,-6.9905691e-09,2.7046188e-07,0.39268865
198,-6.9734893e-09,2.6976453e-07,0.39268868
198.1,-6.9564664e-09,2.6906888e-07,0.39268871
198.2,-6.9394983e-09,2.6837493e-07,0.39268873
198.3,-6.9225832e-09,2.6768267e-07,0.39268876
198.4,-6.905719e-09,2.669921e-07,0.39268879
198.5,-6.8889041e-09,2.6630321e-07,0.39268881
198.6,-6.8721362e-09,2.65616e-07,0.39268884
198.7,-6.8554137e-09,2.6493045e-07,0.39268887
198.8,-6.838735e-09,2.6424658e-07,0.39268889
198.9,-6.822098e-09,2.6356437e-07,0.39268892
199,-6.8055012e-09,2.6288382e-07,0.39268895
199.1,-6.7889428e-09,2.6220493e-07,0.39268897
199.2,-6.7724213e-09,2.6152768e-07,0.392689
199.3,-6.7559351e-09,2.6085209e-07,0.39268902
199.4,-6.7394827e-09,2.6017814e-07,0.39268905
199.5,-6.7230626e-09,2.5950584e-07,0.39268908
199.6,-6.7066734e-09,2.5883517e-07,0.3926891
199.7,-6.6903136e-09,2.5816614e-07,0.39268913
199.8,-6.6739819e-09,2.5749874e-07,0.39268915
199.9,-6.6576771e-09,2.5683297e-07,0.39268918
